<application>
  <component name="ProjectManager">
    <defaultProject>
      <component name="Encoding" addBOMForNewFiles="with NO BOM" />
      <component name="GradleLocalSettings">
        <option name="projectSyncType">
          <map>
            <entry key="$USER_HOME$/.kscript/kscript_tmp_project__CI.kts_1541787707808" value="PREVIEW" />
            <entry key="$USER_HOME$/.kscript/kscript_tmp_project__CI.kts_1541809480434" value="PREVIEW" />
            <entry key="$USER_HOME$/.kscript/kscript_tmp_project__CI.kts_1541833336529" value="PREVIEW" />
            <entry key="$USER_HOME$/.kscript/kscript_tmp_project__CI.kts_1542735462284" value="PREVIEW" />
            <entry key="$USER_HOME$/airlab/repos/fullhouse/buildSrc" value="PREVIEW" />
            <entry key="$USER_HOME$/github/jduan/advent_of_code" value="PREVIEW" />
            <entry key="$USER_HOME$/github/jduan/gradle_sandbox" value="PREVIEW" />
            <entry key="$USER_HOME$/github/jduan/java_sandbox" value="PREVIEW" />
            <entry key="$USER_HOME$/github/jduan/jkid" value="PREVIEW" />
            <entry key="$USER_HOME$/repos2/intellij-airbnb" value="PREVIEW" />
            <entry key="$USER_HOME$/repos2/treehouse" value="PREVIEW" />
            <entry key="$USER_HOME$/repos2/treehouse-gradle-plugin" value="PREVIEW" />
            <entry key="$USER_HOME$/repos2/treehouse/projects/arborist/service" value="PREVIEW" />
          </map>
        </option>
      </component>
      <component name="PropertiesComponent">
        <property name="settings.editor.selected.configurable" value="preferences.sourceCode.Java" />
      </component>
      <component name="ThriftCompiler">
        <compilers />
      </component>
    </defaultProject>
  </component>
</application>