<application>
  <component name="VimSettings">
    <state version="4" enabled="true" />
    <globalmarks />
    <filemarks>
      <file name="$USER_HOME$/repos2/treehouse/projects/arborist/actor/src/test/kotlin/com/airbnb/arborist/SlackNotifierIntegrationTest.kt" timestamp="1543261004250">
        <mark key="'" line="13" column="16" />
        <mark key="[" line="29" column="38" />
        <mark key="]" line="29" column="45" />
        <mark key="." line="29" column="47" />
        <mark key="^" line="29" column="45" />
      </file>
      <file name="$USER_HOME$/repos2/treehouse-gradle-plugin/src/main/kotlin/com/airbnb/gradle/TreehousePlugin.kt" timestamp="1542840483330">
        <mark key="'" line="28" column="4" />
      </file>
      <file name="$USER_HOME$/repos2/treehouse/projects/arborist/streaming/src/main/kotlin/com/airbnb/arborist/internal/ModulesProvider.kt" timestamp="1544037214788">
        <mark key="'" line="74" column="4" />
      </file>
      <file name="$USER_HOME$/github/jduan/jkid/src/test/kotlin/examples/_1PersonExample.kt" timestamp="1543096796759">
        <mark key="'" line="16" column="0" />
        <mark key="[" line="17" column="29" />
        <mark key="]" line="17" column="36" />
        <mark key="^" line="17" column="36" />
        <mark key="." line="17" column="36" />
      </file>
      <file name="$USER_HOME$/.kscript/kscript_tmp_project__CI.kts_1542735462284/src/GradleExecutor.kt" timestamp="1543471990652">
        <mark key="'" line="49" column="8" />
        <mark key="[" line="26" column="0" />
        <mark key="]" line="26" column="0" />
        <mark key="." line="26" column="0" />
        <mark key="^" line="24" column="53" />
      </file>
      <file name="$USER_HOME$/github/jduan/kotlin_sandbox/src/main/kotlin/jduan/Generics.kt" timestamp="1543089453280">
        <mark key="'" line="89" column="0" />
        <mark key="[" line="125" column="112" />
        <mark key="]" line="126" column="2" />
        <mark key="." line="126" column="2" />
        <mark key="^" line="126" column="2" />
      </file>
      <file name="$USER_HOME$/repos2/treehouse/projects/arborist/streaming/src/test/kotlin/com/airbnb/arborist/internal/NewFlakyTestEventNotifierTest.kt" timestamp="1540923181937">
        <mark key="'" line="32" column="18" />
      </file>
      <file name="$USER_HOME$/repos2/treehouse/projects/arborist/common/src/main/kotlin/com/airbnb/arborist/model/UnitTest.kt" timestamp="1543444229163">
        <mark key="'" line="43" column="6" />
      </file>
      <file name="$USER_HOME$/repos2/treehouse/projects/arborist/data-sources/gradle-enterprise/consumer/src/main/kotlin/com/airbnb/arborist/cli/ArboristGradleEnterpriseConsumerApp.kt" timestamp="1544162416670">
        <mark key="a" line="89" column="0" />
        <mark key="'" line="64" column="10" />
        <mark key="[" line="90" column="14" />
        <mark key="]" line="90" column="14" />
        <mark key="." line="90" column="18" />
        <mark key="^" line="64" column="14" />
      </file>
      <file name="$USER_HOME$/repos2/treehouse/projects/arborist/data-sources/gradle-enterprise/consumer/src/main/kotlin/com/airbnb/arborist/datasource/gradle/BuildScanEventStream.kt" timestamp="1544118414122">
        <mark key="'" line="49" column="11" />
        <mark key="[" line="139" column="43" />
        <mark key="]" line="139" column="43" />
        <mark key="^" line="139" column="43" />
        <mark key="." line="139" column="43" />
      </file>
      <file name="$USER_HOME$/repos2/treehouse-gradle-plugin/src/main/kotlin/com/airbnb/gradle/tasks/AffectedTargetsFilterTask.kt" timestamp="1542845885537">
        <mark key="'" line="22" column="21" />
      </file>
      <file name="$USER_HOME$/.gradle/caches/modules-2/files-2.1/com.squareup.okhttp3/okhttp/3.11.0/cf16b99519850b1adc3b259c90fd8566a0f592f3/okhttp-3.11.0-sources.jar!/okhttp3/Response.java" timestamp="1544218860002">
        <mark key="'" line="173" column="6" />
      </file>
      <file name="$USER_HOME$/repos2/treehouse/projects/arborist/service/src/main/kotlin/com/airbnb/arborist/BrokenBuildsExporter.kt" timestamp="1544206217000">
        <mark key="'" line="3" column="17" />
        <mark key="[" line="26" column="9" />
        <mark key="]" line="26" column="20" />
        <mark key="^" line="26" column="20" />
        <mark key="." line="26" column="20" />
      </file>
      <file name="$USER_HOME$/.kscript/kscript_tmp_project__CI.kts_1541787707808/src/TreehouseTests.kt" timestamp="1541788523807">
        <mark key="'" line="20" column="8" />
      </file>
      <file name="$USER_HOME$/repos2/treehouse/projects/arborist/service/src/main/kotlin/com/airbnb/arborist/service/ArboristServiceConfiguration.kt" timestamp="1544142598892">
        <mark key="'" line="16" column="42" />
      </file>
      <file name="$USER_HOME$/repos2/treehouse/projects/arborist/actor/src/main/kotlin/com/airbnb/arborist/internal/CodeOwners.kt" timestamp="1543258772901">
        <mark key="'" line="54" column="22" />
        <mark key="[" line="60" column="13" />
        <mark key="]" line="60" column="13" />
        <mark key="." line="60" column="17" />
        <mark key="^" line="54" column="22" />
      </file>
      <file name="$USER_HOME$/repos2/treehouse/projects/arborist/data-sources/gradle-enterprise/consumer/src/main/kotlin/com/airbnb/arborist/internal/ModulesProvider.kt" timestamp="1544163319151">
        <mark key="a" line="46" column="6" />
        <mark key="'" line="42" column="14" />
        <mark key="]" line="43" column="7" />
        <mark key="." line="43" column="7" />
        <mark key="^" line="43" column="7" />
      </file>
      <file name="$USER_HOME$/repos2/treehouse/projects/arborist/actor/src/main/kotlin/com/airbnb/arborist/SlackNotifier.kt" timestamp="1544122179895">
        <mark key="'" line="19" column="25" />
        <mark key="[" line="59" column="0" />
        <mark key="]" line="59" column="0" />
        <mark key="." line="59" column="0" />
        <mark key="^" line="57" column="7" />
      </file>
      <file name="$USER_HOME$/.kscript/kscript_tmp_project__CI.kts_1541809480434/src/CI.kts" timestamp="1541809600943">
        <mark key="'" line="5" column="0" />
      </file>
      <file name="$USER_HOME$/.gradle/caches/modules-2/files-2.1/org.eclipse.jgit/org.eclipse.jgit/5.0.1.201806211838-r/c85725a96e20d940fe20e1be4ddf50133c322f65/org.eclipse.jgit-5.0.1.201806211838-r-sources.jar!/org/eclipse/jgit/api/Git.java" timestamp="1540228487579">
        <mark key="'" line="160" column="4" />
      </file>
      <file name="$USER_HOME$/github/jduan/jkid/src/main/kotlin/deserialization/Deserializer.kt" timestamp="1543103944953">
        <mark key="'" line="25" column="0" />
      </file>
      <file name="$APPLICATION_CONFIG_DIR$/idea.vmoptions" timestamp="1544200863103">
        <mark key="[" line="3" column="2" />
        <mark key="]" line="3" column="8" />
        <mark key="." line="3" column="8" />
        <mark key="^" line="3" column="8" />
      </file>
      <file name="$USER_HOME$/repos2/treehouse/projects/arborist/common/src/main/kotlin/com/airbnb/arborist/S3FileStore.kt" timestamp="1543623377458">
        <mark key="'" line="53" column="15" />
      </file>
      <file name="$USER_HOME$/repos2/treehouse/projects/arborist/actor/src/main/kotlin/com/airbnb/arborist/SshCredentials.kt" timestamp="1540228867580">
        <mark key="'" line="14" column="65" />
      </file>
      <file name="$USER_HOME$/repos2/treehouse/projects/arborist/common/src/main/kotlin/com/airbnb/arborist/ArboristConfiguration.kt" timestamp="1542409465941">
        <mark key="'" line="15" column="6" />
      </file>
      <file name="$USER_HOME$/repos2/treehouse-gradle-plugin/src/main/kotlin/com/airbnb/gradle/tasks/ListAffectedTargetsTask.kt" timestamp="1544143878422">
        <mark key="'" line="20" column="8" />
      </file>
      <file name="$USER_HOME$/.kscript/kscript_tmp_project__CI.kts_1542735462284/src/Main.kt" timestamp="1543127456127">
        <mark key="'" line="100" column="23" />
      </file>
      <file name="$USER_HOME$/.gradle/caches/modules-2/files-2.1/com.squareup.okhttp3/okhttp/3.11.0/cf16b99519850b1adc3b259c90fd8566a0f592f3/okhttp-3.11.0-sources.jar!/okhttp3/OkHttpClient.java" timestamp="1544219592218">
        <mark key="'" line="275" column="69" />
      </file>
      <file name="$USER_HOME$/.kscript/kscript_tmp_project__CI.kts_1541787707808/src/Treehouse.kt" timestamp="1541788138555">
        <mark key="'" line="302" column="12" />
      </file>
      <file name="$USER_HOME$/repos2/intellij-airbnb/src/main/kotlin/com/airbnb/intellij/AirbnbPlugin.kt" timestamp="1543972886200">
        <mark key="'" line="208" column="20" />
      </file>
      <file name="$USER_HOME$/repos2/treehouse/projects/arborist/actor/src/main/kotlin/com/airbnb/arborist/internal/TestStateManager.kt" timestamp="1544124581726">
        <mark key="'" line="27" column="23" />
        <mark key="[" line="134" column="0" />
        <mark key="]" line="134" column="80" />
      </file>
      <file name="$USER_HOME$/repos2/treehouse/projects/arborist/streaming/src/main/kotlin/com/airbnb/arborist/internal/NewFlakyTestEventNotifier.kt" timestamp="1543453370257">
        <mark key="'" line="0" column="0" />
      </file>
      <file name="$USER_HOME$/github/jduan/advent_of_code/src/test/kotlin/year2018/Day1Test.kt" timestamp="1543776101171">
        <mark key="'" line="8" column="18" />
        <mark key="[" line="11" column="0" />
        <mark key="]" line="14" column="3" />
        <mark key="^" line="13" column="19" />
        <mark key="." line="13" column="19" />
      </file>
      <file name="$USER_HOME$/repos2/treehouse/projects/arborist/common/src/main/kotlin/com/airbnb/arborist/internal/BrokenBuildsDataCollector.kt" timestamp="1544207128134">
        <mark key="'" line="9" column="0" />
        <mark key="[" line="20" column="49" />
        <mark key="]" line="20" column="49" />
        <mark key="." line="20" column="49" />
        <mark key="^" line="19" column="51" />
      </file>
      <file name="$USER_HOME$/repos2/treehouse/projects/arborist/common/src/main/kotlin/com/airbnb/arborist/internal/Constants.kt" timestamp="1541523785827">
        <mark key="'" line="17" column="12" />
      </file>
      <file name="$USER_HOME$/github/jduan/jkid/src/main/kotlin/Annotations.kt" timestamp="1543118369884">
        <mark key="'" line="19" column="17" />
      </file>
      <file name="$USER_HOME$/repos2/treehouse/projects/arborist/common/src/main/kotlin/com/airbnb/arborist/internal/DailyBuildsSummary.kt" timestamp="1544165873711">
        <mark key="'" line="5" column="8" />
      </file>
      <file name="$USER_HOME$/.gradle/wrapper/dists/gradle-4.10-airbnb/941hcb3r3tzs5ut6hgnex2wyh/gradle-4.10/src/core-api/org/gradle/api/invocation/Gradle.java" timestamp="1542743154492">
        <mark key="'" line="57" column="17" />
      </file>
      <file name="$USER_HOME$/airlab/repos/fullhouse/buildSrc/src/main/kotlin/com/airbnb/FileTemplate.kt" timestamp="1542753225721">
        <mark key="'" line="0" column="0" />
      </file>
      <file name="$USER_HOME$/.gradle/caches/modules-2/files-2.1/commons-cli/commons-cli/1.4/40dfd9fdef125e19136135e68d54af6d9b0cfbb8/commons-cli-1.4-sources.jar!/org/apache/commons/cli/Option.java" timestamp="1543197222762">
        <mark key="'" line="841" column="27" />
      </file>
      <file name="$USER_HOME$/github/jduan/jkid/src/test/kotlin/examples/_3AnnotationsExample.kt" timestamp="1543098786732">
        <mark key="'" line="24" column="48" />
        <mark key="[" line="23" column="48" />
        <mark key="]" line="24" column="48" />
        <mark key="." line="24" column="48" />
        <mark key="^" line="24" column="48" />
      </file>
      <file name="/Library/Java/JavaVirtualMachines/jdk1.8.0_144.jdk/Contents/Home/src.zip!/java/time/LocalDate.java" timestamp="1544166321916">
        <mark key="'" line="366" column="12" />
      </file>
      <file name="$USER_HOME$/.gradle/caches/modules-2/files-2.1/redis.clients/jedis/2.9.0/6d75e2498cd82c02665df5f9d7a77d0b5e398157/jedis-2.9.0-sources.jar!/redis/clients/jedis/Jedis.java" timestamp="1541522718885">
        <mark key="'" line="670" column="16" />
      </file>
      <file name="$USER_HOME$/.kscript/kscript_tmp_project__CI.kts_1542735462284/src/Treehouse.kt" timestamp="1544219409024">
        <mark key="'" line="31" column="12" />
        <mark key="[" line="36" column="0" />
        <mark key="]" line="36" column="0" />
        <mark key="." line="36" column="0" />
      </file>
      <file name="$USER_HOME$/repos2/treehouse/projects/arborist/service/src/main/kotlin/com/airbnb/arborist/service/resources/EnableDisableTestResource.kt" timestamp="1543553236575">
        <mark key="'" line="40" column="25" />
      </file>
      <file name="$USER_HOME$/repos2/treehouse/projects/arborist/common/src/main/kotlin/com/airbnb/arborist/internal/BuildsDataCollector.kt" timestamp="1544145666189">
        <mark key="a" line="30" column="20" />
        <mark key="'" line="26" column="2" />
        <mark key="[" line="30" column="21" />
        <mark key="]" line="30" column="44" />
        <mark key="." line="30" column="21" />
      </file>
      <file name="$USER_HOME$/repos2/treehouse/projects/arborist/common/src/main/kotlin/com/airbnb/arborist/internal/BrokenBuildSummary.kt" timestamp="1544205397111">
        <mark key="'" line="6" column="0" />
        <mark key="[" line="5" column="19" />
        <mark key="]" line="5" column="22" />
        <mark key="." line="5" column="22" />
        <mark key="^" line="5" column="22" />
      </file>
      <file name="$USER_HOME$/repos2/treehouse-gradle-plugin/src/main/kotlin/com/airbnb/gradle/Workspace.kt" timestamp="1544143771274">
        <mark key="'" line="59" column="6" />
        <mark key="[" line="97" column="40" />
        <mark key="]" line="98" column="9" />
        <mark key="^" line="98" column="9" />
        <mark key="." line="98" column="9" />
      </file>
      <file name="$USER_HOME$/repos2/treehouse/projects/arborist/streaming/src/main/kotlin/com/airbnb/arborist/metrics/RedisTestMetricsTracker.kt" timestamp="1543433599027">
        <mark key="'" line="20" column="0" />
      </file>
      <file name="$USER_HOME$/repos2/treehouse/projects/arborist/actor/src/main/kotlin/com/airbnb/arborist/GitRepository.kt" timestamp="1543258833227">
        <mark key="'" line="175" column="8" />
      </file>
      <file name="$USER_HOME$/repos2/treehouse/projects/arborist/common/src/main/kotlin/com/airbnb/arborist/internal/SimpleBuild.kt" timestamp="1544155949729">
        <mark key="a" line="73" column="6" />
        <mark key="'" line="100" column="8" />
        <mark key="[" line="67" column="0" />
        <mark key="]" line="70" column="45" />
        <mark key="^" line="70" column="45" />
        <mark key="." line="70" column="45" />
      </file>
      <file name="$USER_HOME$/repos2/treehouse/projects/arborist/data-sources/gradle-enterprise/consumer/src/main/kotlin/com/airbnb/arborist/datasource/gradle/event/TaskStartedEvent.kt" timestamp="1543516179037">
        <mark key="'" line="0" column="0" />
      </file>
      <file name="$USER_HOME$/repos2/treehouse/projects/arborist/common/src/main/kotlin/com/airbnb/arborist/kxdate.kt" timestamp="1544033702855">
        <mark key="'" line="94" column="10" />
      </file>
      <file name="$USER_HOME$/.gradle/caches/modules-2/files-2.1/com.fasterxml.jackson.core/jackson-databind/2.9.6/dad3a9fbbedf8781dfd138539cd82638ebad5678/jackson-databind-2.9.6-sources.jar!/com/fasterxml/jackson/databind/ObjectMapper.java" timestamp="1543129214731">
        <mark key="'" line="117" column="13" />
      </file>
      <file name="/Library/Java/JavaVirtualMachines/jdk1.8.0_144.jdk/Contents/Home/src.zip!/java/lang/Appendable.java" timestamp="1543030056066">
        <mark key="'" line="0" column="0" />
      </file>
      <file name="$USER_HOME$/repos2/treehouse/projects/arborist/data-sources/gradle-enterprise/consumer/src/main/kotlin/com/airbnb/arborist/datasource/gradle/jitney/S3BackedJitneyPublisher.kt" timestamp="1544163458992">
        <mark key="'" line="16" column="16" />
        <mark key="[" line="24" column="44" />
        <mark key="]" line="24" column="64" />
        <mark key="^" line="24" column="64" />
        <mark key="." line="24" column="64" />
      </file>
      <file name="$USER_HOME$/github/jduan/jkid/src/test/kotlin/examples/_6DateSerializerExample.kt" timestamp="1543118464661">
        <mark key="'" line="9" column="7" />
      </file>
      <file name="$USER_HOME$/repos2/treehouse/projects/arborist/service/src/main/kotlin/com/airbnb/arborist/service/resources/BrokenBuildsExportResource.kt" timestamp="1544165033165">
        <mark key="'" line="16" column="14" />
        <mark key="[" line="20" column="26" />
        <mark key="]" line="20" column="37" />
        <mark key="." line="20" column="37" />
        <mark key="^" line="20" column="37" />
      </file>
      <file name="$USER_HOME$/repos2/treehouse/projects/arborist/data-sources/gradle-enterprise/consumer/src/main/kotlin/com/airbnb/arborist/datasource/gradle/BuildFactory.kt" timestamp="1544162110475">
        <mark key="'" line="28" column="11" />
        <mark key="[" line="39" column="0" />
        <mark key="]" line="39" column="0" />
        <mark key="." line="39" column="0" />
        <mark key="^" line="28" column="9" />
      </file>
      <file name="$USER_HOME$/repos2/treehouse/projects/arborist/data-sources/gradle-enterprise/consumer/src/main/kotlin/com/airbnb/arborist/internal/ArboristGradleEnterpriseConsumerConfiguration.kt" timestamp="1542849642383">
        <mark key="'" line="2" column="0" />
      </file>
      <file name="$USER_HOME$/repos2/treehouse/projects/arborist/data-sources/gradle-enterprise/consumer/src/main/kotlin/com/airbnb/arborist/datasource/gradle/ExtensionFunctions.kt" timestamp="1543431914383">
        <mark key="'" line="8" column="13" />
      </file>
      <file name="$USER_HOME$/repos2/treehouse/_infra/ci/dispatch.yml" timestamp="1541785666971">
        <mark key="'" line="0" column="0" />
      </file>
      <file name="$USER_HOME$/github/jduan/kotlin_sandbox/src/test/kotlin/jduan/GenericsTest.kt" timestamp="1543087857397">
        <mark key="'" line="43" column="31" />
        <mark key="[" line="57" column="17" />
        <mark key="]" line="57" column="17" />
        <mark key="." line="57" column="17" />
        <mark key="^" line="57" column="17" />
      </file>
      <file name="$USER_HOME$/repos2/treehouse/projects/arborist/common/src/main/kotlin/com/airbnb/arborist/jitney/JitneyBuildCompletedAdapter.kt" timestamp="1543446700447">
        <mark key="'" line="79" column="37" />
      </file>
      <file name="$USER_HOME$/github/jduan/jkid/src/test/kotlin/examples/_5DeserializeInterfaceExample.kt" timestamp="1543104307372">
        <mark key="'" line="14" column="30" />
        <mark key="[" line="14" column="30" />
        <mark key="]" line="14" column="47" />
        <mark key="." line="14" column="47" />
        <mark key="^" line="14" column="47" />
      </file>
      <file name="$USER_HOME$/repos2/treehouse/projects/arborist/data-sources/gradle-enterprise/consumer/src/main/kotlin/com/airbnb/arborist/datasource/gradle/jitney/BuildEventsPublisher.kt" timestamp="1542432642697">
        <mark key="'" line="16" column="4" />
      </file>
      <file name="$USER_HOME$/.gradle/caches/modules-2/files-2.1/org.jetbrains.kotlin/kotlin-stdlib/1.3.10/eedd46031f8f5dc8c088e7d52f136d855fc1bddb/kotlin-stdlib-1.3.10-sources.jar!/kotlin/io/FileReadWrite.kt" timestamp="1543732152285">
        <mark key="'" line="171" column="17" />
      </file>
      <file name="$USER_HOME$/repos2/treehouse/projects/arborist/service/src/main/kotlin/com/airbnb/arborist/service/ArboristApplication.kt" timestamp="1544125578164">
        <mark key="'" line="48" column="38" />
        <mark key="[" line="49" column="38" />
        <mark key="]" line="49" column="63" />
        <mark key="." line="49" column="63" />
        <mark key="^" line="49" column="63" />
      </file>
      <file name="$USER_HOME$/repos2/treehouse/projects/arborist/common/src/main/kotlin/com/airbnb/arborist/ArboristEnvironment.kt" timestamp="1543196014793">
        <mark key="'" line="7" column="36" />
      </file>
      <file name="$USER_HOME$/.gradle/caches/modules-2/files-2.1/com.fasterxml.jackson.core/jackson-databind/2.7.8/bd25163b4514f72c20e231e126c216c0f3195e97/jackson-databind-2.7.8-sources.jar!/com/fasterxml/jackson/databind/ObjectMapper.java" timestamp="1544124744581">
        <mark key="'" line="2812" column="5" />
      </file>
      <file name="$USER_HOME$/.gradle/caches/modules-2/files-2.1/com.hubspot.slack/slack-java-client/1.0/d81a0526e49f1633622ce65cb385ae869e374277/slack-java-client-1.0-sources.jar!/com/hubspot/slack/client/SlackClientRuntimeConfig.java" timestamp="1542409551529">
        <mark key="'" line="85" column="25" />
      </file>
      <file name="$USER_HOME$/repos2/treehouse/projects/arborist/actor/src/main/kotlin/com/airbnb/arborist/GitRepositoryFactory.kt" timestamp="1540228780997">
        <mark key="'" line="6" column="18" />
      </file>
      <file name="$USER_HOME$/repos2/treehouse/projects/arborist/common/src/main/kotlin/com/airbnb/arborist/model/FailureReason.kt" timestamp="1544031514849">
        <mark key="'" line="29" column="4" />
      </file>
      <file name="$USER_HOME$/repos2/treehouse-gradle-plugin/src/main/kotlin/com/airbnb/gradle/tasks/DeployboardUploadTask.kt" timestamp="1544143917372">
        <mark key="'" line="56" column="0" />
      </file>
      <file name="$USER_HOME$/.gradle/caches/modules-2/files-2.1/com.github.ajalt/clikt/1.4.0/77457f03aff3a61fa23621364077cdcf79f3be12/clikt-1.4.0-sources.jar!/com/github/ajalt/clikt/core/CliktCommand.kt" timestamp="1541809744067">
        <mark key="'" line="86" column="8" />
      </file>
      <file name="$USER_HOME$/.gradle/caches/modules-2/files-2.1/com.jetbrains.intellij.idea/ideaIC/183.3795.13/1f5f89e9e2a12621ff3bbeb9a5ec58e92822a31b/ideaIC-183.3795.13-sources.jar!/com/intellij/openapi/externalSystem/model/task/ExternalSystemTaskNotificationListenerAdapter.java" timestamp="1542656796395">
        <mark key="'" line="0" column="0" />
      </file>
      <file name="$USER_HOME$/.gradle/caches/modules-2/files-2.1/org.coursera/metrics-datadog/1.1.10/8c06058d451b5cdb60a4b3804a49e12c405ca596/metrics-datadog-1.1.10-sources.jar!/org/coursera/metrics/datadog/DatadogReporter.java" timestamp="1540945227512">
        <mark key="'" line="70" column="14" />
      </file>
      <file name="$USER_HOME$/repos2/treehouse/projects/arborist/common/src/main/kotlin/com/airbnb/arborist/model/BuildTask.kt" timestamp="1543599697198">
        <mark key="'" line="37" column="0" />
      </file>
      <file name="$USER_HOME$/.kscript/kscript_tmp_project__CI.kts_1541809480434/src/Main.kt" timestamp="1541809770923">
        <mark key="'" line="27" column="0" />
      </file>
      <file name="$USER_HOME$/.kscript/kscript_tmp_project__CI.kts_1541787707808/src/Main.kt" timestamp="1541787939030">
        <mark key="'" line="32" column="47" />
      </file>
      <file name="$USER_HOME$/.gradle/caches/modules-2/files-2.1/org.jetbrains.kotlin/kotlin-stdlib-common/1.3.0/8bee30ce9d075088b3d590488a270e2c3ea39b3a/kotlin-stdlib-common-1.3.0-sources.jar!/kotlin/text/Strings.kt" timestamp="1543471651342">
        <mark key="'" line="260" column="32" />
      </file>
      <file name="$USER_HOME$/repos2/treehouse/projects/arborist/streaming/src/main/kotlin/com/airbnb/arborist/metrics/DatadogBuildMetricsTracker.kt" timestamp="1540934909002">
        <mark key="'" line="11" column="0" />
      </file>
      <file name="$USER_HOME$/repos2/treehouse/projects/arborist/service/src/test/kotlin/com/airbnb/arborist/service/resources/ConfigurationResourceTest.kt" timestamp="1541527105328">
        <mark key="'" line="48" column="39" />
      </file>
      <file name="$USER_HOME$/repos2/intellij-airbnb/build.gradle" timestamp="1543958959959">
        <mark key="'" line="33" column="4" />
      </file>
      <file name="$USER_HOME$/repos2/treehouse/projects/arborist/service/src/main/kotlin/com/airbnb/arborist/service/resources/SummaryResource.kt" timestamp="1544032157103">
        <mark key="'" line="47" column="14" />
      </file>
      <file name="$USER_HOME$/repos2/treehouse/projects/arborist/service/src/main/kotlin/com/airbnb/arborist/BuildsCSVExporter.kt" timestamp="1544145622046">
        <mark key="'" line="6" column="24" />
        <mark key="[" line="6" column="0" />
        <mark key="]" line="6" column="44" />
      </file>
      <file name="$USER_HOME$/repos2/treehouse/projects/arborist/data-sources/gradle-enterprise/consumer/src/main/kotlin/com/airbnb/arborist/internal/FakeSslContext.kt" timestamp="1543428272500">
        <mark key="'" line="7" column="7" />
      </file>
      <file name="$USER_HOME$/repos2/treehouse/projects/arborist/service/src/main/kotlin/com/airbnb/arborist/service/resources/CSVExportResource.kt" timestamp="1544145575855">
        <mark key="'" line="10" column="19" />
        <mark key="[" line="18" column="0" />
        <mark key="]" line="19" column="36" />
      </file>
      <file name="$USER_HOME$/github/jduan/java_sandbox/src/test/java/HelloTest.java" timestamp="1543818540946">
        <mark key="'" line="1" column="21" />
        <mark key="[" line="5" column="27" />
        <mark key="]" line="5" column="27" />
        <mark key="." line="5" column="27" />
        <mark key="^" line="5" column="20" />
      </file>
      <file name="$USER_HOME$/repos2/treehouse/projects/arborist/common/src/main/kotlin/com/airbnb/arborist/model/Build.kt" timestamp="1544162132801">
        <mark key="[" line="75" column="0" />
        <mark key="]" line="75" column="0" />
        <mark key="." line="75" column="0" />
      </file>
      <file name="$USER_HOME$/github/jduan/advent_of_code/src/test/kotlin/year2018/Day2Test.kt" timestamp="1543906719488">
        <mark key="'" line="37" column="0" />
        <mark key="[" line="35" column="54" />
        <mark key="]" line="35" column="54" />
        <mark key="." line="35" column="54" />
        <mark key="^" line="35" column="54" />
      </file>
      <file name="$USER_HOME$/.kscript/kscript_tmp_project__CI.kts_1542735462284/src/Command.kt" timestamp="1543365521507">
        <mark key="'" line="102" column="0" />
      </file>
      <file name="$USER_HOME$/.gradle/caches/modules-2/files-2.1/com.jetbrains.intellij.idea/ideaIC/183.3795.13/1f5f89e9e2a12621ff3bbeb9a5ec58e92822a31b/ideaIC-183.3795.13-sources.jar!/com/intellij/openapi/externalSystem/util/ExternalSystemApiUtil.java" timestamp="1542661718611">
        <mark key="'" line="330" column="95" />
      </file>
      <file name="$USER_HOME$/github/jduan/advent_of_code/src/test/kotlin/year2018/Day3Test.kt" timestamp="1543944614102">
        <mark key="'" line="24" column="83" />
        <mark key="[" line="30" column="17" />
        <mark key="]" line="30" column="19" />
        <mark key="." line="30" column="19" />
        <mark key="^" line="30" column="19" />
      </file>
      <file name="$USER_HOME$/github/jduan/advent_of_code/src/main/kotlin/year2018/Day1.kt" timestamp="1543774198299">
        <mark key="'" line="24" column="0" />
        <mark key="[" line="15" column="0" />
        <mark key="]" line="15" column="0" />
        <mark key="." line="15" column="0" />
        <mark key="^" line="15" column="18" />
      </file>
      <file name="$USER_HOME$/github/jduan/kotlin_sandbox/src/test/kotlin/jduan/HelloWorldTest.kt" timestamp="1542956279121">
        <mark key="'" line="2" column="11" />
        <mark key="[" line="2" column="0" />
        <mark key="]" line="9" column="1" />
        <mark key="." line="7" column="49" />
        <mark key="^" line="7" column="49" />
      </file>
      <file name="$USER_HOME$/repos2/treehouse/projects/arborist/data-sources/gradle-enterprise/consumer/src/main/kotlin/com/airbnb/arborist/internal/BuildsSeenTracker.kt" timestamp="1544122839706">
        <mark key="'" line="15" column="6" />
      </file>
      <file name="$USER_HOME$/repos2/treehouse/projects/arborist/data-sources/gradle-enterprise/consumer/src/main/kotlin/com/airbnb/arborist/datasource/gradle/event/TaskFinishedEvent.kt" timestamp="1543516645051">
        <mark key="'" line="8" column="18" />
      </file>
      <file name="$USER_HOME$/repos2/treehouse/projects/arborist/data-sources/gradle-enterprise/consumer/src/main/kotlin/com/airbnb/arborist/datasource/gradle/event/BuildEvent.kt" timestamp="1543431903835">
        <mark key="'" line="31" column="27" />
      </file>
      <file name="$USER_HOME$/airlab/repos/fullhouse/buildSrc/src/main/java/com/airbnb/tasktracking/TaskTrackingListener.java" timestamp="1542753216778">
        <mark key="'" line="26" column="58" />
      </file>
      <file name="$USER_HOME$/.gradle/caches/modules-2/files-2.1/org.jetbrains.kotlin/kotlin-stdlib-common/1.3.0/8bee30ce9d075088b3d590488a270e2c3ea39b3a/kotlin-stdlib-common-1.3.0-sources.jar!/kotlin/TextH.kt" timestamp="1543471643990">
        <mark key="'" line="182" column="24" />
      </file>
      <file name="$USER_HOME$/repos2/intellij-airbnb/src/main/kotlin/com/airbnb/intellij/gradle/GradleTaskNotificationListener.kt" timestamp="1543972991088">
        <mark key="'" line="19" column="0" />
        <mark key="[" line="58" column="0" />
        <mark key="]" line="58" column="0" />
        <mark key="." line="58" column="0" />
        <mark key="^" line="59" column="81" />
      </file>
      <file name="$USER_HOME$/repos2/treehouse/projects/arborist/streaming/src/main/kotlin/com/airbnb/arborist/internal/BuildAvailableEventMessageHandler.kt" timestamp="1544037273409">
        <mark key="'" line="17" column="32" />
      </file>
      <file name="$USER_HOME$/repos2/treehouse/projects/arborist/data-sources/gradle-enterprise/consumer/src/main/kotlin/com/airbnb/arborist/cli/EventConsumer.kt" timestamp="1544117989068">
        <mark key="'" line="30" column="6" />
      </file>
      <file name="$USER_HOME$/github/jduan/kotlin_sandbox/src/main/kotlin/jduan/HelloWorld.kt" timestamp="1542948021263">
        <mark key="'" line="0" column="8" />
        <mark key="[" line="0" column="8" />
        <mark key="]" line="0" column="12" />
        <mark key="^" line="0" column="12" />
        <mark key="." line="0" column="12" />
      </file>
      <file name="$USER_HOME$/repos2/treehouse/projects/arborist/common/src/main/kotlin/com/airbnb/arborist/internal/StatisticsPrinter.kt" timestamp="1544056389959">
        <mark key="'" line="16" column="39" />
      </file>
      <file name="$USER_HOME$/.gradle/caches/modules-2/files-2.1/org.eclipse.jgit/org.eclipse.jgit/5.0.1.201806211838-r/c85725a96e20d940fe20e1be4ddf50133c322f65/org.eclipse.jgit-5.0.1.201806211838-r-sources.jar!/org/eclipse/jgit/blame/BlameResult.java" timestamp="1543258904495">
        <mark key="'" line="74" column="13" />
      </file>
      <file name="$USER_HOME$/repos2/treehouse/projects/arborist/streaming/src/main/kotlin/com/airbnb/arborist/metrics/RedisBuildStatisticsTracker.kt" timestamp="1544037075932">
        <mark key="'" line="14" column="15" />
      </file>
      <file name="$USER_HOME$/repos2/treehouse/projects/arborist/streaming/src/main/kotlin/com/airbnb/arborist/cli/ArboristStreamingApp.kt" timestamp="1541178936596">
        <mark key="'" line="17" column="0" />
      </file>
      <file name="$USER_HOME$/repos2/treehouse/projects/arborist/service/src/main/resources/com/airbnb/arborist/service/views/config.ftl" timestamp="1541526718947">
        <mark key="'" line="12" column="9" />
      </file>
      <file name="$USER_HOME$/repos2/treehouse/projects/arborist/service/src/main/kotlin/com/airbnb/arborist/service/internal/ModulesProvider.kt" timestamp="1544145793611">
        <mark key="'" line="24" column="44" />
        <mark key="[" line="46" column="64" />
        <mark key="]" line="46" column="64" />
        <mark key="." line="46" column="64" />
        <mark key="^" line="47" column="17" />
      </file>
    </filemarks>
    <jumps>
      <jump line="49" column="11" filename="$USER_HOME$/repos2/treehouse/projects/arborist/data-sources/gradle-enterprise/consumer/src/main/kotlin/com/airbnb/arborist/datasource/gradle/BuildScanEventStream.kt" />
      <jump line="79" column="6" filename="$USER_HOME$/repos2/treehouse/projects/arborist/common/src/main/kotlin/com/airbnb/arborist/internal/SimpleBuild.kt" />
      <jump line="62" column="10" filename="$USER_HOME$/repos2/treehouse/projects/arborist/common/src/main/kotlin/com/airbnb/arborist/internal/SimpleBuild.kt" />
      <jump line="0" column="0" filename="$USER_HOME$/repos2/treehouse/projects/arborist/service/src/main/kotlin/com/airbnb/arborist/service/ArboristServiceConfiguration.kt" />
      <jump line="19" column="25" filename="$USER_HOME$/repos2/treehouse/projects/arborist/actor/src/main/kotlin/com/airbnb/arborist/SlackNotifier.kt" />
      <jump line="15" column="6" filename="$USER_HOME$/repos2/treehouse/projects/arborist/data-sources/gradle-enterprise/consumer/src/main/kotlin/com/airbnb/arborist/internal/BuildsSeenTracker.kt" />
      <jump line="48" column="38" filename="$USER_HOME$/repos2/treehouse/projects/arborist/service/src/main/kotlin/com/airbnb/arborist/service/ArboristApplication.kt" />
      <jump line="46" column="0" filename="$USER_HOME$/repos2/treehouse/projects/arborist/common/src/main/kotlin/com/airbnb/arborist/internal/BrokenBuildsDataCollector.kt" />
      <jump line="81" column="2" filename="$USER_HOME$/repos2/treehouse/projects/arborist/common/src/main/kotlin/com/airbnb/arborist/internal/BrokenBuildsDataCollector.kt" />
      <jump line="20" column="21" filename="$USER_HOME$/repos2/treehouse/projects/arborist/common/src/main/kotlin/com/airbnb/arborist/internal/BrokenBuildsDataCollector.kt" />
      <jump line="49" column="24" filename="$USER_HOME$/repos2/treehouse/projects/arborist/service/src/main/kotlin/com/airbnb/arborist/service/internal/ModulesProvider.kt" />
      <jump line="15" column="38" filename="$USER_HOME$/repos2/treehouse/projects/arborist/service/src/main/kotlin/com/airbnb/arborist/service/internal/ModulesProvider.kt" />
      <jump line="27" column="71" filename="$USER_HOME$/repos2/treehouse/projects/arborist/service/src/main/kotlin/com/airbnb/arborist/service/internal/ModulesProvider.kt" />
      <jump line="45" column="62" filename="$USER_HOME$/repos2/treehouse/projects/arborist/service/src/main/kotlin/com/airbnb/arborist/service/internal/ModulesProvider.kt" />
      <jump line="24" column="44" filename="$USER_HOME$/repos2/treehouse/projects/arborist/service/src/main/kotlin/com/airbnb/arborist/service/internal/ModulesProvider.kt" />
      <jump line="23" column="11" filename="$USER_HOME$/repos2/treehouse/projects/arborist/common/src/main/kotlin/com/airbnb/arborist/internal/BuildsDataCollector.kt" />
      <jump line="0" column="0" filename="$USER_HOME$/repos2/treehouse/projects/arborist/actor/src/main/kotlin/com/airbnb/arborist/internal/TestStateManager.kt" />
      <jump line="27" column="23" filename="$USER_HOME$/repos2/treehouse/projects/arborist/actor/src/main/kotlin/com/airbnb/arborist/internal/TestStateManager.kt" />
      <jump line="2774" column="0" filename="$USER_HOME$/.gradle/caches/modules-2/files-2.1/com.fasterxml.jackson.core/jackson-databind/2.7.8/bd25163b4514f72c20e231e126c216c0f3195e97/jackson-databind-2.7.8-sources.jar!/com/fasterxml/jackson/databind/ObjectMapper.java" />
      <jump line="2812" column="5" filename="$USER_HOME$/.gradle/caches/modules-2/files-2.1/com.fasterxml.jackson.core/jackson-databind/2.7.8/bd25163b4514f72c20e231e126c216c0f3195e97/jackson-databind-2.7.8-sources.jar!/com/fasterxml/jackson/databind/ObjectMapper.java" />
      <jump line="10" column="28" filename="$USER_HOME$/repos2/treehouse/projects/arborist/common/src/main/kotlin/com/airbnb/arborist/internal/BrokenBuildSummary.kt" />
      <jump line="41" column="16" filename="$USER_HOME$/repos2/treehouse/projects/arborist/common/src/main/kotlin/com/airbnb/arborist/internal/BrokenBuildsDataCollector.kt" />
      <jump line="48" column="6" filename="$USER_HOME$/repos2/treehouse/projects/arborist/common/src/main/kotlin/com/airbnb/arborist/internal/BrokenBuildsDataCollector.kt" />
      <jump line="7" column="23" filename="$USER_HOME$/repos2/treehouse/projects/arborist/common/src/main/kotlin/com/airbnb/arborist/internal/BrokenBuildsDataCollector.kt" />
      <jump line="8" column="23" filename="$USER_HOME$/repos2/treehouse/projects/arborist/service/src/main/kotlin/com/airbnb/arborist/BrokenBuildsExporter.kt" />
      <jump line="23" column="94" filename="$USER_HOME$/repos2/treehouse/projects/arborist/service/src/main/kotlin/com/airbnb/arborist/BrokenBuildsExporter.kt" />
      <jump line="34" column="24" filename="$USER_HOME$/repos2/treehouse/projects/arborist/service/src/main/kotlin/com/airbnb/arborist/service/ArboristServiceConfiguration.kt" />
      <jump line="22" column="37" filename="$USER_HOME$/repos2/treehouse/projects/arborist/service/src/main/kotlin/com/airbnb/arborist/service/ArboristServiceConfiguration.kt" />
      <jump line="16" column="42" filename="$USER_HOME$/repos2/treehouse/projects/arborist/service/src/main/kotlin/com/airbnb/arborist/service/ArboristServiceConfiguration.kt" />
      <jump line="82" column="6" filename="$USER_HOME$/repos2/treehouse-gradle-plugin/src/main/kotlin/com/airbnb/gradle/Workspace.kt" />
      <jump line="65" column="13" filename="$USER_HOME$/repos2/treehouse-gradle-plugin/src/main/kotlin/com/airbnb/gradle/Workspace.kt" />
      <jump line="96" column="8" filename="$USER_HOME$/repos2/treehouse-gradle-plugin/src/main/kotlin/com/airbnb/gradle/Workspace.kt" />
      <jump line="98" column="55" filename="$USER_HOME$/repos2/treehouse-gradle-plugin/src/main/kotlin/com/airbnb/gradle/Workspace.kt" />
      <jump line="49" column="13" filename="$USER_HOME$/repos2/treehouse-gradle-plugin/src/main/kotlin/com/airbnb/gradle/Workspace.kt" />
      <jump line="97" column="24" filename="$USER_HOME$/repos2/treehouse-gradle-plugin/src/main/kotlin/com/airbnb/gradle/Workspace.kt" />
      <jump line="59" column="6" filename="$USER_HOME$/repos2/treehouse-gradle-plugin/src/main/kotlin/com/airbnb/gradle/Workspace.kt" />
      <jump line="29" column="59" filename="$USER_HOME$/repos2/treehouse-gradle-plugin/src/main/kotlin/com/airbnb/gradle/tasks/ListAffectedTargetsTask.kt" />
      <jump line="20" column="8" filename="$USER_HOME$/repos2/treehouse-gradle-plugin/src/main/kotlin/com/airbnb/gradle/tasks/ListAffectedTargetsTask.kt" />
      <jump line="10" column="0" filename="$USER_HOME$/repos2/treehouse-gradle-plugin/src/main/kotlin/com/airbnb/gradle/tasks/DeployboardUploadTask.kt" />
      <jump line="56" column="0" filename="$USER_HOME$/repos2/treehouse-gradle-plugin/src/main/kotlin/com/airbnb/gradle/tasks/DeployboardUploadTask.kt" />
      <jump line="3" column="0" filename="$USER_HOME$/repos2/treehouse/projects/arborist/common/src/main/kotlin/com/airbnb/arborist/internal/BrokenBuildSummary.kt" />
      <jump line="3" column="0" filename="$USER_HOME$/repos2/treehouse/projects/arborist/common/src/main/kotlin/com/airbnb/arborist/internal/BrokenBuildsDataCollector.kt" />
      <jump line="6" column="24" filename="$USER_HOME$/repos2/treehouse/projects/arborist/service/src/main/kotlin/com/airbnb/arborist/BuildsCSVExporter.kt" />
      <jump line="7" column="24" filename="$USER_HOME$/repos2/treehouse/projects/arborist/service/src/main/kotlin/com/airbnb/arborist/BrokenBuildsExporter.kt" />
      <jump line="26" column="2" filename="$USER_HOME$/repos2/treehouse/projects/arborist/common/src/main/kotlin/com/airbnb/arborist/internal/BuildsDataCollector.kt" />
      <jump line="17" column="45" filename="$USER_HOME$/repos2/treehouse/projects/arborist/common/src/main/kotlin/com/airbnb/arborist/internal/BrokenBuildsDataCollector.kt" />
      <jump line="14" column="43" filename="$USER_HOME$/repos2/treehouse/projects/arborist/common/src/main/kotlin/com/airbnb/arborist/internal/BrokenBuildsDataCollector.kt" />
      <jump line="18" column="47" filename="$USER_HOME$/repos2/treehouse/projects/arborist/common/src/main/kotlin/com/airbnb/arborist/internal/BrokenBuildsDataCollector.kt" />
      <jump line="74" column="28" filename="$USER_HOME$/repos2/treehouse/projects/arborist/common/src/main/kotlin/com/airbnb/arborist/internal/SimpleBuild.kt" />
      <jump line="0" column="0" filename="$USER_HOME$/repos2/treehouse/projects/arborist/common/src/main/kotlin/com/airbnb/arborist/internal/SimpleBuild.kt" />
      <jump line="96" column="8" filename="$USER_HOME$/repos2/treehouse/projects/arborist/common/src/main/kotlin/com/airbnb/arborist/internal/SimpleBuild.kt" />
      <jump line="11" column="17" filename="$USER_HOME$/repos2/treehouse/projects/arborist/common/src/main/kotlin/com/airbnb/arborist/model/Build.kt" />
      <jump line="54" column="6" filename="$USER_HOME$/repos2/treehouse/projects/arborist/common/src/main/kotlin/com/airbnb/arborist/model/Build.kt" />
      <jump line="61" column="8" filename="$USER_HOME$/repos2/treehouse/projects/arborist/common/src/main/kotlin/com/airbnb/arborist/model/Build.kt" />
      <jump line="28" column="11" filename="$USER_HOME$/repos2/treehouse/projects/arborist/data-sources/gradle-enterprise/consumer/src/main/kotlin/com/airbnb/arborist/datasource/gradle/BuildFactory.kt" />
      <jump line="92" column="20" filename="$USER_HOME$/repos2/treehouse/projects/arborist/data-sources/gradle-enterprise/consumer/src/main/kotlin/com/airbnb/arborist/cli/ArboristGradleEnterpriseConsumerApp.kt" />
      <jump line="110" column="52" filename="$USER_HOME$/repos2/treehouse/projects/arborist/data-sources/gradle-enterprise/consumer/src/main/kotlin/com/airbnb/arborist/cli/ArboristGradleEnterpriseConsumerApp.kt" />
      <jump line="89" column="0" filename="$USER_HOME$/repos2/treehouse/projects/arborist/data-sources/gradle-enterprise/consumer/src/main/kotlin/com/airbnb/arborist/cli/ArboristGradleEnterpriseConsumerApp.kt" />
      <jump line="34" column="25" filename="$USER_HOME$/repos2/treehouse/projects/arborist/data-sources/gradle-enterprise/consumer/src/main/kotlin/com/airbnb/arborist/cli/ArboristGradleEnterpriseConsumerApp.kt" />
      <jump line="32" column="32" filename="$USER_HOME$/repos2/treehouse/projects/arborist/data-sources/gradle-enterprise/consumer/src/main/kotlin/com/airbnb/arborist/cli/ArboristGradleEnterpriseConsumerApp.kt" />
      <jump line="90" column="14" filename="$USER_HOME$/repos2/treehouse/projects/arborist/data-sources/gradle-enterprise/consumer/src/main/kotlin/com/airbnb/arborist/cli/ArboristGradleEnterpriseConsumerApp.kt" />
      <jump line="64" column="10" filename="$USER_HOME$/repos2/treehouse/projects/arborist/data-sources/gradle-enterprise/consumer/src/main/kotlin/com/airbnb/arborist/cli/ArboristGradleEnterpriseConsumerApp.kt" />
      <jump line="14" column="15" filename="$USER_HOME$/repos2/treehouse/projects/arborist/data-sources/gradle-enterprise/consumer/src/main/kotlin/com/airbnb/arborist/datasource/gradle/jitney/S3BackedJitneyPublisher.kt" />
      <jump line="4" column="36" filename="$USER_HOME$/repos2/treehouse/projects/arborist/data-sources/gradle-enterprise/consumer/src/main/kotlin/com/airbnb/arborist/datasource/gradle/jitney/S3BackedJitneyPublisher.kt" />
      <jump line="10" column="6" filename="$USER_HOME$/repos2/treehouse/projects/arborist/data-sources/gradle-enterprise/consumer/src/main/kotlin/com/airbnb/arborist/datasource/gradle/jitney/S3BackedJitneyPublisher.kt" />
      <jump line="15" column="16" filename="$USER_HOME$/repos2/treehouse/projects/arborist/data-sources/gradle-enterprise/consumer/src/main/kotlin/com/airbnb/arborist/datasource/gradle/jitney/S3BackedJitneyPublisher.kt" />
      <jump line="9" column="52" filename="$USER_HOME$/repos2/treehouse/projects/arborist/data-sources/gradle-enterprise/consumer/src/main/kotlin/com/airbnb/arborist/internal/ModulesProvider.kt" />
      <jump line="0" column="0" filename="$USER_HOME$/repos2/treehouse/projects/arborist/data-sources/gradle-enterprise/consumer/src/main/kotlin/com/airbnb/arborist/internal/ModulesProvider.kt" />
      <jump line="2" column="35" filename="$USER_HOME$/repos2/treehouse/projects/arborist/data-sources/gradle-enterprise/consumer/src/main/kotlin/com/airbnb/arborist/internal/ModulesProvider.kt" />
      <jump line="3" column="35" filename="$USER_HOME$/repos2/treehouse/projects/arborist/data-sources/gradle-enterprise/consumer/src/main/kotlin/com/airbnb/arborist/internal/ModulesProvider.kt" />
      <jump line="4" column="47" filename="$USER_HOME$/repos2/treehouse/projects/arborist/data-sources/gradle-enterprise/consumer/src/main/kotlin/com/airbnb/arborist/internal/ModulesProvider.kt" />
      <jump line="46" column="27" filename="$USER_HOME$/repos2/treehouse/projects/arborist/data-sources/gradle-enterprise/consumer/src/main/kotlin/com/airbnb/arborist/internal/ModulesProvider.kt" />
      <jump line="42" column="14" filename="$USER_HOME$/repos2/treehouse/projects/arborist/data-sources/gradle-enterprise/consumer/src/main/kotlin/com/airbnb/arborist/internal/ModulesProvider.kt" />
      <jump line="29" column="35" filename="$USER_HOME$/repos2/treehouse/projects/arborist/common/src/main/kotlin/com/airbnb/arborist/internal/BrokenBuildsDataCollector.kt" />
      <jump line="30" column="37" filename="$USER_HOME$/repos2/treehouse/projects/arborist/common/src/main/kotlin/com/airbnb/arborist/internal/BrokenBuildsDataCollector.kt" />
      <jump line="31" column="35" filename="$USER_HOME$/repos2/treehouse/projects/arborist/common/src/main/kotlin/com/airbnb/arborist/internal/BrokenBuildsDataCollector.kt" />
      <jump line="16" column="14" filename="$USER_HOME$/repos2/treehouse/projects/arborist/service/src/main/kotlin/com/airbnb/arborist/service/resources/BrokenBuildsExportResource.kt" />
      <jump line="5" column="8" filename="$USER_HOME$/repos2/treehouse/projects/arborist/common/src/main/kotlin/com/airbnb/arborist/internal/DailyBuildsSummary.kt" />
      <jump line="6" column="17" filename="$USER_HOME$/repos2/treehouse/projects/arborist/common/src/main/kotlin/com/airbnb/arborist/internal/BrokenBuildsDataCollector.kt" />
      <jump line="13" column="31" filename="$USER_HOME$/repos2/treehouse/projects/arborist/common/src/main/kotlin/com/airbnb/arborist/internal/BrokenBuildsDataCollector.kt" />
      <jump line="312" column="28" filename="/Library/Java/JavaVirtualMachines/jdk1.8.0_144.jdk/Contents/Home/src.zip!/java/time/LocalDate.java" />
      <jump line="366" column="12" filename="/Library/Java/JavaVirtualMachines/jdk1.8.0_144.jdk/Contents/Home/src.zip!/java/time/LocalDate.java" />
      <jump line="28" column="22" filename="$USER_HOME$/repos2/treehouse/projects/arborist/common/src/main/kotlin/com/airbnb/arborist/internal/BrokenBuildsDataCollector.kt" />
      <jump line="9" column="0" filename="$USER_HOME$/repos2/treehouse/projects/arborist/common/src/main/kotlin/com/airbnb/arborist/internal/BrokenBuildsDataCollector.kt" />
      <jump line="11" column="26" filename="$USER_HOME$/repos2/treehouse/projects/arborist/service/src/main/kotlin/com/airbnb/arborist/BrokenBuildsExporter.kt" />
      <jump line="26" column="20" filename="$USER_HOME$/repos2/treehouse/projects/arborist/service/src/main/kotlin/com/airbnb/arborist/BrokenBuildsExporter.kt" />
      <jump line="6" column="24" filename="$USER_HOME$/repos2/treehouse/projects/arborist/service/src/main/kotlin/com/airbnb/arborist/BrokenBuildsExporter.kt" />
      <jump line="3" column="17" filename="$USER_HOME$/repos2/treehouse/projects/arborist/service/src/main/kotlin/com/airbnb/arborist/BrokenBuildsExporter.kt" />
      <jump line="31" column="12" filename="$USER_HOME$/.kscript/kscript_tmp_project__CI.kts_1542735462284/src/Treehouse.kt" />
      <jump line="50" column="27" filename="$USER_HOME$/.gradle/caches/modules-2/files-2.1/com.squareup.okhttp3/okhttp/3.11.0/cf16b99519850b1adc3b259c90fd8566a0f592f3/okhttp-3.11.0-sources.jar!/okhttp3/Response.java" />
      <jump line="66" column="35" filename="$USER_HOME$/.gradle/caches/modules-2/files-2.1/com.squareup.okhttp3/okhttp/3.11.0/cf16b99519850b1adc3b259c90fd8566a0f592f3/okhttp-3.11.0-sources.jar!/okhttp3/Response.java" />
      <jump line="173" column="6" filename="$USER_HOME$/.gradle/caches/modules-2/files-2.1/com.squareup.okhttp3/okhttp/3.11.0/cf16b99519850b1adc3b259c90fd8566a0f592f3/okhttp-3.11.0-sources.jar!/okhttp3/Response.java" />
      <jump line="485" column="51" filename="$USER_HOME$/.gradle/caches/modules-2/files-2.1/com.squareup.okhttp3/okhttp/3.11.0/cf16b99519850b1adc3b259c90fd8566a0f592f3/okhttp-3.11.0-sources.jar!/okhttp3/OkHttpClient.java" />
      <jump line="889" column="35" filename="$USER_HOME$/.gradle/caches/modules-2/files-2.1/com.squareup.okhttp3/okhttp/3.11.0/cf16b99519850b1adc3b259c90fd8566a0f592f3/okhttp-3.11.0-sources.jar!/okhttp3/OkHttpClient.java" />
      <jump line="890" column="13" filename="$USER_HOME$/.gradle/caches/modules-2/files-2.1/com.squareup.okhttp3/okhttp/3.11.0/cf16b99519850b1adc3b259c90fd8566a0f592f3/okhttp-3.11.0-sources.jar!/okhttp3/OkHttpClient.java" />
      <jump line="895" column="6" filename="$USER_HOME$/.gradle/caches/modules-2/files-2.1/com.squareup.okhttp3/okhttp/3.11.0/cf16b99519850b1adc3b259c90fd8566a0f592f3/okhttp-3.11.0-sources.jar!/okhttp3/OkHttpClient.java" />
      <jump line="197" column="26" filename="$USER_HOME$/.gradle/caches/modules-2/files-2.1/com.squareup.okhttp3/okhttp/3.11.0/cf16b99519850b1adc3b259c90fd8566a0f592f3/okhttp-3.11.0-sources.jar!/okhttp3/OkHttpClient.java" />
      <jump line="230" column="58" filename="$USER_HOME$/.gradle/caches/modules-2/files-2.1/com.squareup.okhttp3/okhttp/3.11.0/cf16b99519850b1adc3b259c90fd8566a0f592f3/okhttp-3.11.0-sources.jar!/okhttp3/OkHttpClient.java" />
      <jump line="274" column="8" filename="$USER_HOME$/.gradle/caches/modules-2/files-2.1/com.squareup.okhttp3/okhttp/3.11.0/cf16b99519850b1adc3b259c90fd8566a0f592f3/okhttp-3.11.0-sources.jar!/okhttp3/OkHttpClient.java" />
      <jump line="275" column="69" filename="$USER_HOME$/.gradle/caches/modules-2/files-2.1/com.squareup.okhttp3/okhttp/3.11.0/cf16b99519850b1adc3b259c90fd8566a0f592f3/okhttp-3.11.0-sources.jar!/okhttp3/OkHttpClient.java" />
    </jumps>
    <registers>
      <register name="&quot;" type="2">
        <text encoding="base64">ICAgIHByaW50bG4obWl4KENvbG9yLkJMVUUsIENvbG9yLllFTExPVykpCiAgICBwcmludGxuKGV2YWwoU3VtKE51bSgxKSwgTnVtKDIpKSkpCiAgICBwcmludGxuKGV2YWwyKFN1bShOdW0oMSksIE51bSgyKSkpKQogICAgdGVzdExvb3BzKCkK</text>
      </register>
      <register name="-" type="4">
        <text>,</text>
      </register>
      <register name="/" type="4">
        <text encoding="base64">XDxuZXR3b3JrSW50ZXJjZXB0b3JzXD4=</text>
      </register>
      <register name="0" type="2">
        <text encoding="base64">ICBmdW4gZXhwb3J0KHNpbmNlRGF0ZTogTG9jYWxEYXRlKTogU3RyaW5nIHsK</text>
      </register>
      <register name="1" type="2">
        <text encoding="base64">ICAgICAgICAgICAgICAgIHJlc3BvbnNlLgo=</text>
      </register>
      <register name="2" type="2">
        <text encoding="base64">ICAgICAgICAgICAgICAgIHJlc3BvbnNlLmNvbm5lY3QK</text>
      </register>
      <register name="3" type="2">
        <text encoding="base64">ICAgICAgICAgIHNpbmNlRGF0ZS50b0Vwb2NoTWlsbGkoKS50b0RvdWJsZSgpLAo=</text>
      </register>
      <register name="4" type="2">
        <text encoding="base64">ICAgICAgICAgICAgdmFsIGNhbCA9IENhbGVuZGFyLmdldEluc3RhbmNlKCkK</text>
      </register>
      <register name="5" type="2">
        <text encoding="base64">ICAgICAgICAgICAgY2FsLnNldFRpbQo=</text>
      </register>
      <register name="6" type="2">
        <text encoding="base64">ICAgICAgICAgICAgdmFsIGNhbCA9IGphdmEudXRpbC5DYWxlbmQK</text>
      </register>
      <register name="7" type="2">
        <text encoding="base64">ICAgICAgICAgICAgRGF0ZS4oaXRbInN0YXJ0VGltZSJdKQo=</text>
      </register>
      <register name="8" type="2">
        <text encoding="base64">ICAgICAgICBwcmludGxuKCJtYXA6ICRpdCIpCg==</text>
      </register>
      <register name="9" type="2">
        <text encoding="base64">ICAgICAgdmFsIG1lbWJlcnMgPSBqZWRpcy56cmFuZ2VCeVNjb3JlKCJ0cmVlaG91c2VfYnVpbGRzIiwgMTU0NDAyMjQ1MzI5MS50b0RvdWJsZSgpLCAxNTQ0MTIyNDUzMjkzLnRvRG91YmxlKCkpCg==</text>
      </register>
      <register name=":" type="4">
        <text>nohlsearch</text>
      </register>
    </registers>
    <search>
      <last-search encoding="base64">XDxuZXR3b3JrSW50ZXJjZXB0b3JzXD4=</last-search>
      <last-offset />
      <last-pattern encoding="base64">XDxuZXR3b3JrSW50ZXJjZXB0b3JzXD4=</last-pattern>
      <last-replace>~</last-replace>
      <last-substitute encoding="base64">XDxmbGFreVRlc3RNYW5hZ2VyXD4=</last-substitute>
      <last-dir>1</last-dir>
      <show-last>true</show-last>
    </search>
    <history>
      <history-search>
        <entry encoding="base64">XDxPUFRfQlVJTERcPg==</entry>
        <entry encoding="base64">XDxwcmludEJ1aWxkQW5kRXhpdFw+</entry>
        <entry encoding="base64">XDxmZXRjaEJ1aWxkQW5kRXhpdFw+</entry>
        <entry encoding="base64">XDxTM0JhY2tlZEppdG5leVB1Ymxpc2hlclw+</entry>
        <entry encoding="base64">XDxKaXRuZXlMb2dnZXJcPg==</entry>
        <entry encoding="base64">XDxsb2dnZXJcPg==</entry>
        <entry encoding="base64">XDxCdWlsZEV2ZW50c1B1Ymxpc2hlclw+</entry>
        <entry>env</entry>
        <entry encoding="base64">XDxJU19QUk9EVUNUSU9OXD4=</entry>
        <entry encoding="base64">XDxqaXRuZXlMb2dnZXJcPg==</entry>
        <entry>!!</entry>
        <entry encoding="base64">XDxERUZBVUxUX0RBWVNcPg==</entry>
        <entry encoding="base64">XDxkYXRlXD4=</entry>
        <entry encoding="base64">XDxDYWxlbmRhclw+</entry>
        <entry>calen</entry>
        <entry encoding="base64">XDxMb2NhbERhdGVcPg==</entry>
        <entry encoding="base64">XDxudW1SZXRyaWVzXD4=</entry>
        <entry encoding="base64">XDxuZXR3b3JrUmVzcG9uc2VcPg==</entry>
        <entry>timeout</entry>
        <entry encoding="base64">XDxuZXR3b3JrSW50ZXJjZXB0b3JzXD4=</entry>
      </history-search>
      <history-cmd>
        <entry>nohlsearch</entry>
      </history-cmd>
      <history-expr />
      <history-input />
    </history>
    <shortcut-conflicts>
      <shortcut-conflict owner="vim">
        <text>ctrl pressed B</text>
      </shortcut-conflict>
      <shortcut-conflict owner="vim">
        <text>ctrl pressed A</text>
      </shortcut-conflict>
      <shortcut-conflict owner="vim">
        <text>ctrl pressed F</text>
      </shortcut-conflict>
      <shortcut-conflict owner="vim">
        <text>ctrl pressed R</text>
      </shortcut-conflict>
      <shortcut-conflict owner="ide">
        <text>ctrl pressed E</text>
      </shortcut-conflict>
      <shortcut-conflict owner="vim">
        <text>shift ctrl pressed 6</text>
      </shortcut-conflict>
      <shortcut-conflict owner="vim">
        <text>ctrl pressed H</text>
      </shortcut-conflict>
      <shortcut-conflict owner="vim">
        <text>ctrl pressed V</text>
      </shortcut-conflict>
    </shortcut-conflicts>
  </component>
</application>