<application>
  <component name="VimSettings">
    <state version="4" enabled="true" />
    <globalmarks />
    <filemarks>
      <file name="$USER_HOME$/repos2/treehouse-gradle-plugin/src/main/kotlin/com/airbnb/gradle/TreehousePlugin.kt" timestamp="1542840483330">
        <mark key="'" line="28" column="4" />
      </file>
      <file name="$USER_HOME$/repos2/treehouse/projects/arborist/streaming/src/main/kotlin/com/airbnb/arborist/internal/ModulesProvider.kt" timestamp="1544037214788">
        <mark key="'" line="74" column="4" />
      </file>
      <file name="$USER_HOME$/airlab/repos/treehouse/projects/arborist/common/src/main/kotlin/com/airbnb/arborist/internal/SimpleBuild.kt" timestamp="1546900577435">
        <mark key="'" line="0" column="0" />
        <mark key="[" line="73" column="0" />
        <mark key="]" line="73" column="0" />
        <mark key="^" line="89" column="22" />
        <mark key="." line="73" column="0" />
      </file>
      <file name="$USER_HOME$/airlab/repos/treehouse/projects/arborist/data-sources/gradle-enterprise/consumer/src/main/kotlin/com/airbnb/arborist/internal/ModulesProvider.kt" timestamp="1546901672512">
        <mark key="'" line="34" column="14" />
        <mark key="[" line="22" column="0" />
        <mark key="]" line="22" column="0" />
        <mark key="." line="22" column="0" />
        <mark key="^" line="36" column="27" />
      </file>
      <file name="$USER_HOME$/airlab/repos/treehouse/projects/arborist/service/src/main/kotlin/com/airbnb/arborist/service/resources/BrokenBuildsExportResource.kt" timestamp="1546889983956">
        <mark key="'" line="2" column="0" />
        <mark key="[" line="16" column="20" />
        <mark key="]" line="16" column="28" />
        <mark key="." line="16" column="28" />
        <mark key="^" line="16" column="28" />
      </file>
      <file name="$USER_HOME$/repos2/treehouse/projects/arborist/streaming/src/test/kotlin/com/airbnb/arborist/internal/NewFlakyTestEventNotifierTest.kt" timestamp="1540923181937">
        <mark key="'" line="32" column="18" />
      </file>
      <file name="$USER_HOME$/repos2/treehouse/projects/arborist/common/src/main/kotlin/com/airbnb/arborist/model/UnitTest.kt" timestamp="1543444229163">
        <mark key="'" line="43" column="6" />
      </file>
      <file name="$USER_HOME$/.gradle/caches/modules-2/files-2.1/com.fasterxml.jackson.module/jackson-module-kotlin/2.9.7/e887f581f748e52d57c45e52461d1086dd77ee7d/jackson-module-kotlin-2.9.7-sources.jar!/com/fasterxml/jackson/module/kotlin/Extensions.kt" timestamp="1546583790415">
        <mark key="'" line="14" column="4" />
      </file>
      <file name="$USER_HOME$/airlab/repos/treehouse/projects/arborist/streaming/src/main/kotlin/com/airbnb/arborist/migration/20180611093300_optimized_treehouse_processed_builds.kt" timestamp="1546532821139">
        <mark key="'" line="27" column="6" />
      </file>
      <file name="$USER_HOME$/airlab/repos/treehouse/projects/datainfra/jitney-logging/src/main/java/com/airbnb/di/logging/jitney/utils/LoggingRequestHelper.java" timestamp="1546632065331">
        <mark key="'" line="20" column="6" />
      </file>
      <file name="$USER_HOME$/airlab/repos/treehouse/projects/arborist/common/src/main/kotlin/com/airbnb/arborist/internal/BuildsPublishedTracker.kt" timestamp="1546532744842">
        <mark key="'" line="11" column="14" />
      </file>
      <file name="$USER_HOME$/github/jduan/kotlin_sandbox/src/main/kotlin/jduan/jackson/ObjectMapperExample.kt" timestamp="1546720913313">
        <mark key="'" line="61" column="0" />
        <mark key="[" line="62" column="0" />
        <mark key="]" line="62" column="0" />
        <mark key="." line="62" column="0" />
        <mark key="^" line="56" column="4475" />
      </file>
      <file name="$USER_HOME$/repos2/treehouse-gradle-plugin/src/main/kotlin/com/airbnb/gradle/tasks/AffectedTargetsFilterTask.kt" timestamp="1542845885537">
        <mark key="'" line="22" column="21" />
      </file>
      <file name="$USER_HOME$/.gradle/caches/modules-2/files-2.1/com.squareup.okhttp3/okhttp/3.11.0/cf16b99519850b1adc3b259c90fd8566a0f592f3/okhttp-3.11.0-sources.jar!/okhttp3/Response.java" timestamp="1544218860002">
        <mark key="'" line="173" column="6" />
      </file>
      <file name="$USER_HOME$/airlab/repos/treehouse/projects/arborist/data-sources/gradle-enterprise/consumer/src/main/kotlin/com/airbnb/arborist/cli/ArboristGradleEnterpriseConsumerApp.kt" timestamp="1546910164224">
        <mark key="a" line="134" column="19" />
        <mark key="'" line="90" column="14" />
        <mark key="[" line="93" column="18" />
        <mark key="]" line="93" column="61" />
        <mark key="." line="93" column="61" />
        <mark key="^" line="93" column="61" />
      </file>
      <file name="$USER_HOME$/airlab/repos/treehouse/projects/arborist/common/src/main/kotlin/com/airbnb/arborist/internal/BrokenBuildsDataCollector.kt" timestamp="1546893950324">
        <mark key="'" line="31" column="30" />
        <mark key="[" line="37" column="38" />
        <mark key="]" line="37" column="37" />
        <mark key="." line="37" column="37" />
        <mark key="^" line="37" column="37" />
      </file>
      <file name="$USER_HOME$/.kscript/kscript_tmp_project__CI.kts_1541787707808/src/TreehouseTests.kt" timestamp="1541788523807">
        <mark key="'" line="20" column="8" />
      </file>
      <file name="$USER_HOME$/repos2/treehouse/projects/arborist/service/src/main/kotlin/com/airbnb/arborist/service/ArboristServiceConfiguration.kt" timestamp="1544142598892">
        <mark key="'" line="16" column="42" />
      </file>
      <file name="$USER_HOME$/.kscript/kscript_tmp_project__CI.kts_1541809480434/src/CI.kts" timestamp="1541809600943">
        <mark key="'" line="5" column="0" />
      </file>
      <file name="$USER_HOME$/.gradle/caches/modules-2/files-2.1/org.eclipse.jgit/org.eclipse.jgit/5.0.1.201806211838-r/c85725a96e20d940fe20e1be4ddf50133c322f65/org.eclipse.jgit-5.0.1.201806211838-r-sources.jar!/org/eclipse/jgit/api/Git.java" timestamp="1540228487579">
        <mark key="'" line="160" column="4" />
      </file>
      <file name="$USER_HOME$/github/jduan/jkid/src/main/kotlin/deserialization/Deserializer.kt" timestamp="1543103944953">
        <mark key="'" line="25" column="0" />
      </file>
      <file name="$USER_HOME$/github/jduan/advent_of_code/src/test/kotlin/year2018/Day4Input.txt" timestamp="1545964912663">
        <mark key="'" line="128" column="12" />
      </file>
      <file name="$USER_HOME$/repos2/treehouse/projects/arborist/common/src/main/kotlin/com/airbnb/arborist/S3FileStore.kt" timestamp="1543623377458">
        <mark key="'" line="53" column="15" />
      </file>
      <file name="$USER_HOME$/airlab/repos/treehouse/projects/omnes/omnes-common/src/main/java/com/airbnb/omnes/common/serde/impl/JsonDeserializer.java" timestamp="1546630786037">
        <mark key="'" line="46" column="6" />
      </file>
      <file name="$USER_HOME$/repos2/treehouse/projects/arborist/actor/src/main/kotlin/com/airbnb/arborist/SshCredentials.kt" timestamp="1540228867580">
        <mark key="'" line="14" column="65" />
      </file>
      <file name="$USER_HOME$/repos2/treehouse/projects/arborist/common/src/main/kotlin/com/airbnb/arborist/ArboristConfiguration.kt" timestamp="1542409465941">
        <mark key="'" line="15" column="6" />
      </file>
      <file name="$USER_HOME$/repos2/treehouse-gradle-plugin/src/main/kotlin/com/airbnb/gradle/tasks/ListAffectedTargetsTask.kt" timestamp="1544143878422">
        <mark key="'" line="20" column="8" />
      </file>
      <file name="$USER_HOME$/airlab/repos/treehouse/projects/arborist/service/src/main/kotlin/com/airbnb/arborist/service/views/ArboristView.kt" timestamp="1546462938184">
        <mark key="'" line="10" column="6" />
      </file>
      <file name="$USER_HOME$/.kscript/kscript_tmp_project__CI.kts_1542735462284/src/Main.kt" timestamp="1543127456127">
        <mark key="'" line="100" column="23" />
      </file>
      <file name="$USER_HOME$/.gradle/caches/modules-2/files-2.1/com.squareup.okhttp3/okhttp/3.11.0/cf16b99519850b1adc3b259c90fd8566a0f592f3/okhttp-3.11.0-sources.jar!/okhttp3/OkHttpClient.java" timestamp="1544219592218">
        <mark key="'" line="275" column="69" />
      </file>
      <file name="$USER_HOME$/.kscript/kscript_tmp_project__CI.kts_1541787707808/src/Treehouse.kt" timestamp="1541788138555">
        <mark key="'" line="302" column="12" />
      </file>
      <file name="$USER_HOME$/repos2/intellij-airbnb/src/main/kotlin/com/airbnb/intellij/AirbnbPlugin.kt" timestamp="1543972886200">
        <mark key="'" line="208" column="20" />
      </file>
      <file name="$USER_HOME$/.kscript/kscript_tmp_project__CI.kts_1546883647963/src/Main.kt" timestamp="1546884468939">
        <mark key="'" line="36" column="46" />
      </file>
      <file name="$USER_HOME$/repos2/treehouse/projects/arborist/streaming/src/main/kotlin/com/airbnb/arborist/internal/NewFlakyTestEventNotifier.kt" timestamp="1543453370257">
        <mark key="'" line="0" column="0" />
      </file>
      <file name="$USER_HOME$/repos2/treehouse/projects/arborist/common/src/main/kotlin/com/airbnb/arborist/internal/Constants.kt" timestamp="1541523785827">
        <mark key="'" line="17" column="12" />
      </file>
      <file name="$USER_HOME$/github/jduan/jkid/src/main/kotlin/Annotations.kt" timestamp="1543118369884">
        <mark key="'" line="19" column="17" />
      </file>
      <file name="$USER_HOME$/repos2/treehouse/projects/arborist/common/src/main/kotlin/com/airbnb/arborist/internal/DailyBuildsSummary.kt" timestamp="1544165873711">
        <mark key="'" line="5" column="8" />
      </file>
      <file name="$USER_HOME$/airlab/repos/treehouse/projects/arborist/common/src/main/kotlin/com/airbnb/arborist/model/Build.kt" timestamp="1546556023592">
        <mark key="'" line="19" column="31" />
      </file>
      <file name="$USER_HOME$/.gradle/wrapper/dists/gradle-4.10-airbnb/941hcb3r3tzs5ut6hgnex2wyh/gradle-4.10/src/core-api/org/gradle/api/invocation/Gradle.java" timestamp="1542743154492">
        <mark key="'" line="57" column="17" />
      </file>
      <file name="/Library/Java/JavaVirtualMachines/jdk1.8.0_192.jdk/Contents/Home/src.zip!/java/util/Date.java" timestamp="1546670731136">
        <mark key="'" line="161" column="44" />
      </file>
      <file name="$USER_HOME$/airlab/repos/fullhouse/buildSrc/src/main/kotlin/com/airbnb/FileTemplate.kt" timestamp="1542753225721">
        <mark key="'" line="0" column="0" />
      </file>
      <file name="$USER_HOME$/.gradle/caches/modules-2/files-2.1/commons-cli/commons-cli/1.4/40dfd9fdef125e19136135e68d54af6d9b0cfbb8/commons-cli-1.4-sources.jar!/org/apache/commons/cli/Option.java" timestamp="1543197222762">
        <mark key="'" line="841" column="27" />
      </file>
      <file name="/Library/Java/JavaVirtualMachines/jdk1.8.0_144.jdk/Contents/Home/src.zip!/java/time/LocalDate.java" timestamp="1544166321916">
        <mark key="'" line="366" column="12" />
      </file>
      <file name="$USER_HOME$/.gradle/caches/modules-2/files-2.1/redis.clients/jedis/2.9.0/6d75e2498cd82c02665df5f9d7a77d0b5e398157/jedis-2.9.0-sources.jar!/redis/clients/jedis/Jedis.java" timestamp="1546478615028">
        <mark key="'" line="1369" column="45" />
      </file>
      <file name="$USER_HOME$/repos2/treehouse/projects/arborist/service/src/main/kotlin/com/airbnb/arborist/service/resources/EnableDisableTestResource.kt" timestamp="1543553236575">
        <mark key="'" line="40" column="25" />
      </file>
      <file name="$USER_HOME$/github/jduan/kotlin_sandbox/build.gradle" timestamp="1546668357305">
        <mark key="'" line="17" column="0" />
        <mark key="[" line="34" column="68" />
        <mark key="]" line="34" column="69" />
        <mark key="^" line="34" column="62" />
        <mark key="." line="34" column="69" />
      </file>
      <file name="$USER_HOME$/airlab/repos/treehouse/projects/arborist/common/src/main/kotlin/com/airbnb/arborist/internal/Constants.kt" timestamp="1546901633341">
        <mark key="'" line="7" column="12" />
      </file>
      <file name="$USER_HOME$/repos2/treehouse/projects/arborist/streaming/src/main/kotlin/com/airbnb/arborist/metrics/RedisTestMetricsTracker.kt" timestamp="1543433599027">
        <mark key="'" line="20" column="0" />
      </file>
      <file name="$USER_HOME$/repos2/treehouse/projects/arborist/actor/src/main/kotlin/com/airbnb/arborist/GitRepository.kt" timestamp="1543258833227">
        <mark key="'" line="175" column="8" />
      </file>
      <file name="$USER_HOME$/repos2/treehouse/projects/arborist/data-sources/gradle-enterprise/consumer/src/main/kotlin/com/airbnb/arborist/datasource/gradle/event/TaskStartedEvent.kt" timestamp="1543516179037">
        <mark key="'" line="0" column="0" />
      </file>
      <file name="$USER_HOME$/repos2/treehouse/projects/arborist/common/src/main/kotlin/com/airbnb/arborist/kxdate.kt" timestamp="1544033702855">
        <mark key="'" line="94" column="10" />
      </file>
      <file name="$USER_HOME$/.gradle/caches/modules-2/files-2.1/com.fasterxml.jackson.core/jackson-databind/2.9.6/dad3a9fbbedf8781dfd138539cd82638ebad5678/jackson-databind-2.9.6-sources.jar!/com/fasterxml/jackson/databind/ObjectMapper.java" timestamp="1543129214731">
        <mark key="'" line="117" column="13" />
      </file>
      <file name="/Library/Java/JavaVirtualMachines/jdk1.8.0_144.jdk/Contents/Home/src.zip!/java/lang/Appendable.java" timestamp="1543030056066">
        <mark key="'" line="0" column="0" />
      </file>
      <file name="$USER_HOME$/github/jduan/jkid/src/test/kotlin/examples/_6DateSerializerExample.kt" timestamp="1543118464661">
        <mark key="'" line="9" column="7" />
      </file>
      <file name="$USER_HOME$/airlab/repos/treehouse/projects/arborist/service/src/main/kotlin/com/airbnb/arborist/service/views/BrokenBuildsView.kt" timestamp="1546890136876">
        <mark key="'" line="8" column="8" />
        <mark key="[" line="8" column="4" />
        <mark key="]" line="8" column="4" />
        <mark key="^" line="8" column="53" />
        <mark key="." line="8" column="4" />
      </file>
      <file name="$USER_HOME$/repos2/treehouse/projects/arborist/data-sources/gradle-enterprise/consumer/src/main/kotlin/com/airbnb/arborist/internal/ArboristGradleEnterpriseConsumerConfiguration.kt" timestamp="1542849642383">
        <mark key="'" line="2" column="0" />
      </file>
      <file name="$USER_HOME$/airlab/repos/treehouse/projects/arborist/service/src/main/resources/assets/js/index.js" timestamp="1546896217167">
        <mark key="'" line="0" column="0" />
        <mark key="[" line="3" column="0" />
        <mark key="]" line="11" column="2" />
        <mark key="^" line="11" column="2" />
        <mark key="." line="11" column="2" />
      </file>
      <file name="$USER_HOME$/airlab/repos/treehouse/projects/omnes/omnes-clients/src/main/java/com/airbnb/omnes/common/config/BusConfig.java" timestamp="1546558468275">
        <mark key="'" line="15" column="12" />
      </file>
      <file name="$USER_HOME$/airlab/repos/treehouse/projects/arborist/service/src/main/kotlin/com/airbnb/arborist/service/ArboristApplication.kt" timestamp="1546668452514">
        <mark key="'" line="23" column="4" />
      </file>
      <file name="$USER_HOME$/airlab/repos/treehouse/projects/arborist/service/src/main/kotlin/com/airbnb/arborist/service/internal/ModulesProvider.kt" timestamp="1546889149941">
        <mark key="'" line="27" column="2" />
        <mark key="[" line="47" column="84" />
        <mark key="]" line="47" column="84" />
        <mark key="." line="47" column="84" />
      </file>
      <file name="$USER_HOME$/airlab/repos/treehouse/projects/arborist/service/src/main/kotlin/com/airbnb/arborist/service/resources/FlakyTestsResource.kt" timestamp="1546889526550">
        <mark key="'" line="26" column="0" />
        <mark key="[" line="24" column="0" />
        <mark key="]" line="27" column="21" />
      </file>
      <file name="$USER_HOME$/airlab/repos/treehouse/projects/datainfra/jitney-logging/src/main/java/com/airbnb/di/logging/jitney/monitoring/JitneyLoggerMetrics.java" timestamp="1546627246332">
        <mark key="'" line="43" column="4" />
      </file>
      <file name="$USER_HOME$/repos2/treehouse/projects/arborist/data-sources/gradle-enterprise/consumer/src/main/kotlin/com/airbnb/arborist/datasource/gradle/ExtensionFunctions.kt" timestamp="1543431914383">
        <mark key="'" line="8" column="13" />
      </file>
      <file name="$USER_HOME$/repos2/treehouse/_infra/ci/dispatch.yml" timestamp="1541785666971">
        <mark key="'" line="0" column="0" />
      </file>
      <file name="$USER_HOME$/.gradle/caches/modules-2/files-2.1/com.fasterxml.jackson.core/jackson-databind/2.7.9.1/9343fc3be71cc6a741d53c707732860f04db69b9/jackson-databind-2.7.9.1-sources.jar!/com/fasterxml/jackson/databind/ObjectMapper.java" timestamp="1546558356095">
        <mark key="'" line="2546" column="19" />
      </file>
      <file name="$USER_HOME$/repos2/treehouse/projects/arborist/common/src/main/kotlin/com/airbnb/arborist/jitney/JitneyBuildCompletedAdapter.kt" timestamp="1543446700447">
        <mark key="'" line="79" column="37" />
      </file>
      <file name="$USER_HOME$/repos2/treehouse/projects/arborist/data-sources/gradle-enterprise/consumer/src/main/kotlin/com/airbnb/arborist/datasource/gradle/jitney/BuildEventsPublisher.kt" timestamp="1542432642697">
        <mark key="'" line="16" column="4" />
      </file>
      <file name="$USER_HOME$/airlab/repos/treehouse/projects/arborist/service/src/main/kotlin/com/airbnb/arborist/BrokenBuildsExporter.kt" timestamp="1546889764912">
        <mark key="'" line="5" column="58" />
        <mark key="[" line="9" column="0" />
        <mark key="]" line="15" column="33" />
        <mark key="." line="6" column="40" />
        <mark key="^" line="6" column="40" />
      </file>
      <file name="$USER_HOME$/.gradle/caches/modules-2/files-2.1/org.jetbrains.kotlin/kotlin-stdlib/1.3.10/eedd46031f8f5dc8c088e7d52f136d855fc1bddb/kotlin-stdlib-1.3.10-sources.jar!/kotlin/io/FileReadWrite.kt" timestamp="1543732152285">
        <mark key="'" line="171" column="17" />
      </file>
      <file name="$USER_HOME$/airlab/repos/treehouse/projects/arborist/service/src/main/resources/com/airbnb/arborist/service/views/flaky_tests.ftl" timestamp="1546890626718">
        <mark key="'" line="11" column="11" />
      </file>
      <file name="$USER_HOME$/repos2/treehouse/projects/arborist/common/src/main/kotlin/com/airbnb/arborist/ArboristEnvironment.kt" timestamp="1543196014793">
        <mark key="'" line="7" column="36" />
      </file>
      <file name="$USER_HOME$/airlab/repos/treehouse/ci/src/Treehouse.kt" timestamp="1546755811287">
        <mark key="'" line="22" column="0" />
      </file>
      <file name="$USER_HOME$/.gradle/caches/modules-2/files-2.1/com.fasterxml.jackson.core/jackson-databind/2.7.8/bd25163b4514f72c20e231e126c216c0f3195e97/jackson-databind-2.7.8-sources.jar!/com/fasterxml/jackson/databind/ObjectMapper.java" timestamp="1544124744581">
        <mark key="'" line="2812" column="5" />
      </file>
      <file name="$USER_HOME$/.gradle/caches/modules-2/files-2.1/com.hubspot.slack/slack-java-client/1.0/d81a0526e49f1633622ce65cb385ae869e374277/slack-java-client-1.0-sources.jar!/com/hubspot/slack/client/SlackClientRuntimeConfig.java" timestamp="1542409551529">
        <mark key="'" line="85" column="25" />
      </file>
      <file name="$USER_HOME$/airlab/repos/treehouse/projects/arborist/streaming/src/main/kotlin/com/airbnb/arborist/cli/ArboristStreamingApp.kt" timestamp="1546624679467">
        <mark key="'" line="0" column="0" />
        <mark key="[" line="9" column="81" />
        <mark key="]" line="9" column="81" />
        <mark key="^" line="9" column="59" />
        <mark key="." line="9" column="81" />
      </file>
      <file name="$USER_HOME$/repos2/treehouse/projects/arborist/actor/src/main/kotlin/com/airbnb/arborist/GitRepositoryFactory.kt" timestamp="1540228780997">
        <mark key="'" line="6" column="18" />
      </file>
      <file name="$USER_HOME$/repos2/treehouse/projects/arborist/common/src/main/kotlin/com/airbnb/arborist/model/FailureReason.kt" timestamp="1544031514849">
        <mark key="'" line="29" column="4" />
      </file>
      <file name="$USER_HOME$/airlab/repos/treehouse/buildSrc/src/main/kotlin/com/airbnb/CheckDuplicateClassesPlugin.kt" timestamp="1546754240059">
        <mark key="'" line="7" column="12" />
      </file>
      <file name="$USER_HOME$/repos2/treehouse-gradle-plugin/src/main/kotlin/com/airbnb/gradle/tasks/DeployboardUploadTask.kt" timestamp="1544143917372">
        <mark key="'" line="56" column="0" />
      </file>
      <file name="$USER_HOME$/.gradle/caches/modules-2/files-2.1/com.github.ajalt/clikt/1.4.0/77457f03aff3a61fa23621364077cdcf79f3be12/clikt-1.4.0-sources.jar!/com/github/ajalt/clikt/core/CliktCommand.kt" timestamp="1541809744067">
        <mark key="'" line="86" column="8" />
      </file>
      <file name="$USER_HOME$/.gradle/caches/modules-2/files-2.1/com.jetbrains.intellij.idea/ideaIC/183.3795.13/1f5f89e9e2a12621ff3bbeb9a5ec58e92822a31b/ideaIC-183.3795.13-sources.jar!/com/intellij/openapi/externalSystem/model/task/ExternalSystemTaskNotificationListenerAdapter.java" timestamp="1542656796395">
        <mark key="'" line="0" column="0" />
      </file>
      <file name="$USER_HOME$/.gradle/caches/modules-2/files-2.1/org.coursera/metrics-datadog/1.1.10/8c06058d451b5cdb60a4b3804a49e12c405ca596/metrics-datadog-1.1.10-sources.jar!/org/coursera/metrics/datadog/DatadogReporter.java" timestamp="1540945227512">
        <mark key="'" line="70" column="14" />
      </file>
      <file name="$USER_HOME$/repos2/treehouse/projects/arborist/common/src/main/kotlin/com/airbnb/arborist/model/BuildTask.kt" timestamp="1543599697198">
        <mark key="'" line="37" column="0" />
      </file>
      <file name="$USER_HOME$/repos2/fullhouse/buildSrc/src/main/kotlin/com/airbnb/CheckDuplicateClassesPlugin.kt" timestamp="1546883464244">
        <mark key="'" line="0" column="0" />
      </file>
      <file name="$USER_HOME$/.kscript/kscript_tmp_project__CI.kts_1541809480434/src/Main.kt" timestamp="1541809770923">
        <mark key="'" line="27" column="0" />
      </file>
      <file name="$USER_HOME$/.kscript/kscript_tmp_project__CI.kts_1541787707808/src/Main.kt" timestamp="1541787939030">
        <mark key="'" line="32" column="47" />
      </file>
      <file name="$USER_HOME$/.gradle/caches/modules-2/files-2.1/org.jetbrains.kotlin/kotlin-stdlib-common/1.3.0/8bee30ce9d075088b3d590488a270e2c3ea39b3a/kotlin-stdlib-common-1.3.0-sources.jar!/kotlin/text/Strings.kt" timestamp="1543471651342">
        <mark key="'" line="260" column="32" />
      </file>
      <file name="$USER_HOME$/repos2/treehouse/projects/arborist/streaming/src/main/kotlin/com/airbnb/arborist/metrics/DatadogBuildMetricsTracker.kt" timestamp="1540934909002">
        <mark key="'" line="11" column="0" />
      </file>
      <file name="$USER_HOME$/repos2/treehouse/projects/arborist/service/src/test/kotlin/com/airbnb/arborist/service/resources/ConfigurationResourceTest.kt" timestamp="1541527105328">
        <mark key="'" line="48" column="39" />
      </file>
      <file name="$USER_HOME$/repos2/intellij-airbnb/build.gradle" timestamp="1543958959959">
        <mark key="'" line="33" column="4" />
      </file>
      <file name="$USER_HOME$/repos2/treehouse/projects/arborist/service/src/main/kotlin/com/airbnb/arborist/service/resources/SummaryResource.kt" timestamp="1544032157103">
        <mark key="'" line="47" column="14" />
      </file>
      <file name="$USER_HOME$/repos2/treehouse/projects/arborist/data-sources/gradle-enterprise/consumer/src/main/kotlin/com/airbnb/arborist/internal/FakeSslContext.kt" timestamp="1543428272500">
        <mark key="'" line="7" column="7" />
      </file>
      <file name="$USER_HOME$/airlab/repos/treehouse/projects/arborist/service/src/main/resources/com/airbnb/arborist/service/views/broken_builds.ftl" timestamp="1546896498386">
        <mark key="'" line="29" column="9" />
        <mark key="[" line="29" column="61" />
        <mark key="]" line="29" column="61" />
        <mark key="." line="29" column="61" />
        <mark key="^" line="29" column="9" />
      </file>
      <file name="$USER_HOME$/.kscript/kscript_tmp_project__CI.kts_1546883647963/src/TreehouseTests.kt" timestamp="1546884473784">
        <mark key="'" line="9" column="20" />
      </file>
      <file name="$USER_HOME$/airlab/repos/treehouse/buildSrc/src/main/kotlin/com/airbnb/CheckDuplicateClassesTask.kt" timestamp="1546755394888">
        <mark key="'" line="49" column="38" />
      </file>
      <file name="$USER_HOME$/airlab/repos/treehouse/projects/arborist/streaming/src/main/kotlin/com/airbnb/arborist/cli/ArboristStreamingConsumerConfiguration.kt" timestamp="1546558408546">
        <mark key="'" line="10" column="40" />
      </file>
      <file name="$USER_HOME$/airlab/repos/treehouse/projects/arborist/streaming/src/main/kotlin/com/airbnb/arborist/metrics/RedisTestMetricsTracker.kt" timestamp="1546472423606">
        <mark key="'" line="35" column="16" />
      </file>
      <file name="$USER_HOME$/.kscript/kscript_tmp_project__CI.kts_1542735462284/src/Command.kt" timestamp="1543365521507">
        <mark key="'" line="102" column="0" />
      </file>
      <file name="$USER_HOME$/.gradle/caches/modules-2/files-2.1/com.jetbrains.intellij.idea/ideaIC/183.3795.13/1f5f89e9e2a12621ff3bbeb9a5ec58e92822a31b/ideaIC-183.3795.13-sources.jar!/com/intellij/openapi/externalSystem/util/ExternalSystemApiUtil.java" timestamp="1542661718611">
        <mark key="'" line="330" column="95" />
      </file>
      <file name="$USER_HOME$/airlab/repos/treehouse/projects/arborist/service/src/main/resources/com/airbnb/arborist/service/views/flaky_test.ftl" timestamp="1546889723276" />
      <file name="$USER_HOME$/repos2/treehouse/projects/arborist/data-sources/gradle-enterprise/consumer/src/main/kotlin/com/airbnb/arborist/internal/BuildsSeenTracker.kt" timestamp="1544122839706">
        <mark key="'" line="15" column="6" />
      </file>
      <file name="$USER_HOME$/repos2/treehouse/projects/arborist/data-sources/gradle-enterprise/consumer/src/main/kotlin/com/airbnb/arborist/datasource/gradle/event/TaskFinishedEvent.kt" timestamp="1543516645051">
        <mark key="'" line="8" column="18" />
      </file>
      <file name="/Dummy.txt" timestamp="1546625761969">
        <mark key="[" line="0" column="0" />
      </file>
      <file name="$USER_HOME$/repos2/treehouse/projects/arborist/data-sources/gradle-enterprise/consumer/src/main/kotlin/com/airbnb/arborist/datasource/gradle/event/BuildEvent.kt" timestamp="1543431903835">
        <mark key="'" line="31" column="27" />
      </file>
      <file name="$USER_HOME$/airlab/repos/fullhouse/buildSrc/src/main/java/com/airbnb/tasktracking/TaskTrackingListener.java" timestamp="1542753216778">
        <mark key="'" line="26" column="58" />
      </file>
      <file name="$USER_HOME$/airlab/repos/treehouse/projects/arborist/data-sources/gradle-enterprise/consumer/src/main/kotlin/com/airbnb/arborist/datasource/gradle/BuildScanEventStream.kt" timestamp="1546909761249">
        <mark key="'" line="0" column="0" />
        <mark key="[" line="59" column="13" />
        <mark key="]" line="59" column="20" />
        <mark key="." line="59" column="20" />
        <mark key="^" line="59" column="20" />
      </file>
      <file name="$USER_HOME$/.gradle/caches/modules-2/files-2.1/org.jetbrains.kotlin/kotlin-stdlib-common/1.3.0/8bee30ce9d075088b3d590488a270e2c3ea39b3a/kotlin-stdlib-common-1.3.0-sources.jar!/kotlin/TextH.kt" timestamp="1543471643990">
        <mark key="'" line="182" column="24" />
      </file>
      <file name="$USER_HOME$/airlab/repos/treehouse/projects/omnes/omnes-clients/src/main/java/com/airbnb/omnes/consumer/config/ConsumerPoolConfig.java" timestamp="1546558433330">
        <mark key="'" line="49" column="3" />
      </file>
      <file name="$USER_HOME$/airlab/repos/treehouse/projects/arborist/service/src/main/resources/assets/css/index.css" timestamp="1546896202101">
        <mark key="[" line="201" column="0" />
        <mark key="]" line="206" column="1" />
        <mark key="^" line="206" column="1" />
        <mark key="." line="206" column="1" />
      </file>
      <file name="$USER_HOME$/repos2/treehouse/projects/arborist/streaming/src/main/kotlin/com/airbnb/arborist/internal/BuildAvailableEventMessageHandler.kt" timestamp="1544037273409">
        <mark key="'" line="17" column="32" />
      </file>
      <file name="$USER_HOME$/airlab/repos/treehouse/projects/arborist/common/src/main/kotlin/com/airbnb/arborist/internal/BrokenBuildSummary.kt" timestamp="1546890811055">
        <mark key="'" line="11" column="8" />
        <mark key="[" line="5" column="19" />
        <mark key="]" line="5" column="24" />
        <mark key="." line="5" column="24" />
        <mark key="^" line="5" column="24" />
      </file>
      <file name="$USER_HOME$/repos2/treehouse/projects/arborist/data-sources/gradle-enterprise/consumer/src/main/kotlin/com/airbnb/arborist/cli/EventConsumer.kt" timestamp="1544117989068">
        <mark key="'" line="30" column="6" />
      </file>
      <file name="$USER_HOME$/airlab/repos/treehouse/projects/omnes/omnes-clients/src/main/java/com/airbnb/omnes/consumer/config/ConsumerConfig.java" timestamp="1546558457707">
        <mark key="'" line="63" column="3" />
      </file>
      <file name="$USER_HOME$/repos2/treehouse/projects/arborist/common/src/main/kotlin/com/airbnb/arborist/internal/StatisticsPrinter.kt" timestamp="1544056389959">
        <mark key="'" line="16" column="39" />
      </file>
      <file name="$USER_HOME$/.gradle/caches/modules-2/files-2.1/org.eclipse.jgit/org.eclipse.jgit/5.0.1.201806211838-r/c85725a96e20d940fe20e1be4ddf50133c322f65/org.eclipse.jgit-5.0.1.201806211838-r-sources.jar!/org/eclipse/jgit/blame/BlameResult.java" timestamp="1543258904495">
        <mark key="'" line="74" column="13" />
      </file>
      <file name="$USER_HOME$/repos2/treehouse/projects/arborist/streaming/src/main/kotlin/com/airbnb/arborist/metrics/RedisBuildStatisticsTracker.kt" timestamp="1544037075932">
        <mark key="'" line="14" column="15" />
      </file>
      <file name="$USER_HOME$/repos2/treehouse/projects/arborist/streaming/src/main/kotlin/com/airbnb/arborist/cli/ArboristStreamingApp.kt" timestamp="1541178936596">
        <mark key="'" line="17" column="0" />
      </file>
      <file name="$USER_HOME$/repos2/treehouse/projects/arborist/service/src/main/resources/com/airbnb/arborist/service/views/config.ftl" timestamp="1541526718947">
        <mark key="'" line="12" column="9" />
      </file>
      <file name="/fragment.java" timestamp="1546972057535">
        <mark key="[" line="0" column="0" />
      </file>
    </filemarks>
    <jumps>
      <jump line="20" column="41" filename="$USER_HOME$/airlab/repos/treehouse/projects/arborist/common/src/main/kotlin/com/airbnb/arborist/internal/BrokenBuildsDataCollector.kt" />
      <jump line="17" column="0" filename="$USER_HOME$/github/jduan/kotlin_sandbox/build.gradle" />
      <jump line="28" column="8" filename="$USER_HOME$/airlab/repos/treehouse/projects/arborist/common/src/main/kotlin/com/airbnb/arborist/internal/BrokenBuildsDataCollector.kt" />
      <jump line="20" column="4" filename="$USER_HOME$/airlab/repos/treehouse/projects/arborist/service/src/main/kotlin/com/airbnb/arborist/service/internal/ModulesProvider.kt" />
      <jump line="23" column="71" filename="$USER_HOME$/airlab/repos/treehouse/projects/arborist/service/src/main/kotlin/com/airbnb/arborist/service/internal/ModulesProvider.kt" />
      <jump line="20" column="37" filename="$USER_HOME$/airlab/repos/treehouse/projects/arborist/service/src/main/kotlin/com/airbnb/arborist/service/ArboristApplication.kt" />
      <jump line="23" column="4" filename="$USER_HOME$/airlab/repos/treehouse/projects/arborist/service/src/main/kotlin/com/airbnb/arborist/service/ArboristApplication.kt" />
      <jump line="45" column="29" filename="$USER_HOME$/github/jduan/kotlin_sandbox/src/main/kotlin/jduan/jackson/ObjectMapperExample.kt" />
      <jump line="17" column="0" filename="$USER_HOME$/github/jduan/kotlin_sandbox/src/main/kotlin/jduan/jackson/ObjectMapperExample.kt" />
      <jump line="57" column="0" filename="$USER_HOME$/github/jduan/kotlin_sandbox/src/main/kotlin/jduan/jackson/ObjectMapperExample.kt" />
      <jump line="0" column="0" filename="$USER_HOME$/github/jduan/kotlin_sandbox/src/main/kotlin/jduan/jackson/ObjectMapperExample.kt" />
      <jump line="2" column="40" filename="$USER_HOME$/github/jduan/kotlin_sandbox/src/main/kotlin/jduan/jackson/ObjectMapperExample.kt" />
      <jump line="42" column="1" filename="$USER_HOME$/github/jduan/kotlin_sandbox/src/main/kotlin/jduan/jackson/ObjectMapperExample.kt" />
      <jump line="55" column="22" filename="$USER_HOME$/github/jduan/kotlin_sandbox/src/main/kotlin/jduan/jackson/ObjectMapperExample.kt" />
      <jump line="56" column="3693" filename="$USER_HOME$/github/jduan/kotlin_sandbox/src/main/kotlin/jduan/jackson/ObjectMapperExample.kt" />
      <jump line="46" column="8" filename="$USER_HOME$/github/jduan/kotlin_sandbox/src/main/kotlin/jduan/jackson/ObjectMapperExample.kt" />
      <jump line="16" column="29" filename="$USER_HOME$/airlab/repos/treehouse/projects/arborist/common/src/main/kotlin/com/airbnb/arborist/internal/BrokenBuildsDataCollector.kt" />
      <jump line="19" column="10" filename="$USER_HOME$/airlab/repos/treehouse/projects/arborist/common/src/main/kotlin/com/airbnb/arborist/internal/BrokenBuildsDataCollector.kt" />
      <jump line="163" column="11" filename="/Library/Java/JavaVirtualMachines/jdk1.8.0_192.jdk/Contents/Home/src.zip!/java/util/Date.java" />
      <jump line="164" column="31" filename="/Library/Java/JavaVirtualMachines/jdk1.8.0_192.jdk/Contents/Home/src.zip!/java/util/Date.java" />
      <jump line="169" column="41" filename="/Library/Java/JavaVirtualMachines/jdk1.8.0_192.jdk/Contents/Home/src.zip!/java/util/Date.java" />
      <jump line="173" column="27" filename="/Library/Java/JavaVirtualMachines/jdk1.8.0_192.jdk/Contents/Home/src.zip!/java/util/Date.java" />
      <jump line="174" column="44" filename="/Library/Java/JavaVirtualMachines/jdk1.8.0_192.jdk/Contents/Home/src.zip!/java/util/Date.java" />
      <jump line="297" column="57" filename="/Library/Java/JavaVirtualMachines/jdk1.8.0_192.jdk/Contents/Home/src.zip!/java/util/Date.java" />
      <jump line="317" column="27" filename="/Library/Java/JavaVirtualMachines/jdk1.8.0_192.jdk/Contents/Home/src.zip!/java/util/Date.java" />
      <jump line="447" column="5" filename="/Library/Java/JavaVirtualMachines/jdk1.8.0_192.jdk/Contents/Home/src.zip!/java/util/Date.java" />
      <jump line="78" column="1" filename="/Library/Java/JavaVirtualMachines/jdk1.8.0_192.jdk/Contents/Home/src.zip!/java/util/Date.java" />
      <jump line="140" column="61" filename="/Library/Java/JavaVirtualMachines/jdk1.8.0_192.jdk/Contents/Home/src.zip!/java/util/Date.java" />
      <jump line="159" column="15" filename="/Library/Java/JavaVirtualMachines/jdk1.8.0_192.jdk/Contents/Home/src.zip!/java/util/Date.java" />
      <jump line="161" column="44" filename="/Library/Java/JavaVirtualMachines/jdk1.8.0_192.jdk/Contents/Home/src.zip!/java/util/Date.java" />
      <jump line="62" column="0" filename="$USER_HOME$/github/jduan/kotlin_sandbox/src/main/kotlin/jduan/jackson/ObjectMapperExample.kt" />
      <jump line="61" column="0" filename="$USER_HOME$/github/jduan/kotlin_sandbox/src/main/kotlin/jduan/jackson/ObjectMapperExample.kt" />
      <jump line="101" column="14" filename="$USER_HOME$/airlab/repos/treehouse/buildSrc/src/main/kotlin/com/airbnb/CheckDuplicateClassesTask.kt" />
      <jump line="6" column="6" filename="$USER_HOME$/airlab/repos/treehouse/buildSrc/src/main/kotlin/com/airbnb/CheckDuplicateClassesPlugin.kt" />
      <jump line="102" column="26" filename="$USER_HOME$/airlab/repos/treehouse/buildSrc/src/main/kotlin/com/airbnb/CheckDuplicateClassesTask.kt" />
      <jump line="8" column="8" filename="$USER_HOME$/airlab/repos/treehouse/buildSrc/src/main/kotlin/com/airbnb/CheckDuplicateClassesPlugin.kt" />
      <jump line="7" column="12" filename="$USER_HOME$/airlab/repos/treehouse/buildSrc/src/main/kotlin/com/airbnb/CheckDuplicateClassesPlugin.kt" />
      <jump line="11" column="11" filename="$USER_HOME$/airlab/repos/treehouse/buildSrc/src/main/kotlin/com/airbnb/CheckDuplicateClassesTask.kt" />
      <jump line="104" column="0" filename="$USER_HOME$/airlab/repos/treehouse/buildSrc/src/main/kotlin/com/airbnb/CheckDuplicateClassesTask.kt" />
      <jump line="80" column="12" filename="$USER_HOME$/airlab/repos/treehouse/buildSrc/src/main/kotlin/com/airbnb/CheckDuplicateClassesTask.kt" />
      <jump line="92" column="0" filename="$USER_HOME$/airlab/repos/treehouse/buildSrc/src/main/kotlin/com/airbnb/CheckDuplicateClassesTask.kt" />
      <jump line="0" column="0" filename="$USER_HOME$/airlab/repos/treehouse/buildSrc/src/main/kotlin/com/airbnb/CheckDuplicateClassesTask.kt" />
      <jump line="49" column="38" filename="$USER_HOME$/airlab/repos/treehouse/buildSrc/src/main/kotlin/com/airbnb/CheckDuplicateClassesTask.kt" />
      <jump line="0" column="0" filename="$USER_HOME$/airlab/repos/treehouse/build.gradle" />
      <jump line="152" column="43" filename="$USER_HOME$/airlab/repos/treehouse/build.gradle" />
      <jump line="203" column="11" filename="$USER_HOME$/airlab/repos/treehouse/build.gradle" />
      <jump line="208" column="3" filename="$USER_HOME$/airlab/repos/treehouse/build.gradle" />
      <jump line="215" column="0" filename="$USER_HOME$/airlab/repos/treehouse/build.gradle" />
      <jump line="202" column="53" filename="$USER_HOME$/airlab/repos/treehouse/build.gradle" />
      <jump line="0" column="0" filename="$USER_HOME$/airlab/repos/treehouse/ci/src/Treehouse.kt" />
      <jump line="22" column="0" filename="$USER_HOME$/airlab/repos/treehouse/ci/src/Treehouse.kt" />
      <jump line="0" column="0" filename="$USER_HOME$/repos2/fullhouse/buildSrc/src/main/kotlin/com/airbnb/CheckDuplicateClassesPlugin.kt" />
      <jump line="36" column="46" filename="$USER_HOME$/.kscript/kscript_tmp_project__CI.kts_1546883647963/src/Main.kt" />
      <jump line="9" column="20" filename="$USER_HOME$/.kscript/kscript_tmp_project__CI.kts_1546883647963/src/TreehouseTests.kt" />
      <jump line="16" column="6" filename="$USER_HOME$/airlab/repos/treehouse/projects/arborist/service/src/main/kotlin/com/airbnb/arborist/service/resources/BrokenBuildsExportResource.kt" />
      <jump line="46" column="38" filename="$USER_HOME$/airlab/repos/treehouse/projects/arborist/service/src/main/kotlin/com/airbnb/arborist/service/internal/ModulesProvider.kt" />
      <jump line="47" column="62" filename="$USER_HOME$/airlab/repos/treehouse/projects/arborist/service/src/main/kotlin/com/airbnb/arborist/service/internal/ModulesProvider.kt" />
      <jump line="27" column="2" filename="$USER_HOME$/airlab/repos/treehouse/projects/arborist/service/src/main/kotlin/com/airbnb/arborist/service/internal/ModulesProvider.kt" />
      <jump line="17" column="45" filename="$USER_HOME$/airlab/repos/treehouse/projects/arborist/service/src/main/kotlin/com/airbnb/arborist/service/resources/BrokenBuildsExportResource.kt" />
      <jump line="19" column="0" filename="$USER_HOME$/airlab/repos/treehouse/projects/arborist/service/src/main/resources/com/airbnb/arborist/service/views/broken_builds.ftl" />
      <jump line="26" column="0" filename="$USER_HOME$/airlab/repos/treehouse/projects/arborist/service/src/main/kotlin/com/airbnb/arborist/service/resources/FlakyTestsResource.kt" />
      <jump line="2" column="0" filename="$USER_HOME$/airlab/repos/treehouse/projects/arborist/service/src/main/kotlin/com/airbnb/arborist/service/resources/BrokenBuildsExportResource.kt" />
      <jump line="5" column="58" filename="$USER_HOME$/airlab/repos/treehouse/projects/arborist/service/src/main/kotlin/com/airbnb/arborist/BrokenBuildsExporter.kt" />
      <jump line="16" column="19" filename="$USER_HOME$/airlab/repos/treehouse/projects/arborist/service/src/main/resources/com/airbnb/arborist/service/views/broken_builds.ftl" />
      <jump line="17" column="22" filename="$USER_HOME$/airlab/repos/treehouse/projects/arborist/service/src/main/resources/com/airbnb/arborist/service/views/broken_builds.ftl" />
      <jump line="18" column="19" filename="$USER_HOME$/airlab/repos/treehouse/projects/arborist/service/src/main/resources/com/airbnb/arborist/service/views/broken_builds.ftl" />
      <jump line="31" column="30" filename="$USER_HOME$/airlab/repos/treehouse/projects/arborist/service/src/main/resources/com/airbnb/arborist/service/views/broken_builds.ftl" />
      <jump line="32" column="28" filename="$USER_HOME$/airlab/repos/treehouse/projects/arborist/service/src/main/resources/com/airbnb/arborist/service/views/broken_builds.ftl" />
      <jump line="33" column="30" filename="$USER_HOME$/airlab/repos/treehouse/projects/arborist/service/src/main/resources/com/airbnb/arborist/service/views/broken_builds.ftl" />
      <jump line="34" column="28" filename="$USER_HOME$/airlab/repos/treehouse/projects/arborist/service/src/main/resources/com/airbnb/arborist/service/views/broken_builds.ftl" />
      <jump line="7" column="5" filename="$USER_HOME$/airlab/repos/treehouse/projects/arborist/service/src/main/resources/com/airbnb/arborist/service/views/flaky_tests.ftl" />
      <jump line="0" column="0" filename="$USER_HOME$/airlab/repos/treehouse/projects/arborist/service/src/main/resources/com/airbnb/arborist/service/views/flaky_tests.ftl" />
      <jump line="12" column="9" filename="$USER_HOME$/airlab/repos/treehouse/projects/arborist/service/src/main/resources/com/airbnb/arborist/service/views/flaky_tests.ftl" />
      <jump line="8" column="8" filename="$USER_HOME$/airlab/repos/treehouse/projects/arborist/service/src/main/kotlin/com/airbnb/arborist/service/views/BrokenBuildsView.kt" />
      <jump line="13" column="20" filename="$USER_HOME$/airlab/repos/treehouse/projects/arborist/service/src/main/resources/com/airbnb/arborist/service/views/broken_builds.ftl" />
      <jump line="27" column="8" filename="$USER_HOME$/airlab/repos/treehouse/projects/arborist/service/src/main/resources/com/airbnb/arborist/service/views/broken_builds.ftl" />
      <jump line="11" column="11" filename="$USER_HOME$/airlab/repos/treehouse/projects/arborist/service/src/main/resources/com/airbnb/arborist/service/views/flaky_tests.ftl" />
      <jump line="40" column="0" filename="$USER_HOME$/airlab/repos/treehouse/projects/arborist/service/src/main/resources/assets/css/index.css" />
      <jump line="172" column="0" filename="$USER_HOME$/airlab/repos/treehouse/projects/arborist/service/src/main/resources/assets/css/index.css" />
      <jump line="0" column="0" filename="$USER_HOME$/airlab/repos/treehouse/projects/arborist/service/src/main/resources/assets/css/index.css" />
      <jump line="69" column="3" filename="$USER_HOME$/airlab/repos/treehouse/projects/arborist/service/src/main/resources/assets/css/index.css" />
      <jump line="65" column="3" filename="$USER_HOME$/airlab/repos/treehouse/projects/arborist/service/src/main/resources/assets/css/index.css" />
      <jump line="14" column="48" filename="$USER_HOME$/airlab/repos/treehouse/projects/arborist/common/src/main/kotlin/com/airbnb/arborist/internal/BrokenBuildsDataCollector.kt" />
      <jump line="31" column="30" filename="$USER_HOME$/airlab/repos/treehouse/projects/arborist/common/src/main/kotlin/com/airbnb/arborist/internal/BrokenBuildsDataCollector.kt" />
      <jump line="93" column="20" filename="$USER_HOME$/airlab/repos/treehouse/projects/arborist/service/src/main/resources/assets/css/index.css" />
      <jump line="28" column="10" filename="$USER_HOME$/airlab/repos/treehouse/projects/arborist/service/src/main/resources/com/airbnb/arborist/service/views/broken_builds.ftl" />
      <jump line="168" column="1" filename="$USER_HOME$/airlab/repos/treehouse/projects/arborist/service/src/main/resources/assets/css/index.css" />
      <jump line="202" column="1" filename="$USER_HOME$/airlab/repos/treehouse/projects/arborist/service/src/main/resources/assets/css/index.css" />
      <jump line="0" column="0" filename="$USER_HOME$/airlab/repos/treehouse/projects/arborist/service/src/main/resources/assets/js/index.js" />
      <jump line="29" column="9" filename="$USER_HOME$/airlab/repos/treehouse/projects/arborist/service/src/main/resources/com/airbnb/arborist/service/views/broken_builds.ftl" />
      <jump line="0" column="0" filename="$USER_HOME$/airlab/repos/treehouse/projects/arborist/common/src/main/kotlin/com/airbnb/arborist/internal/SimpleBuild.kt" />
      <jump line="70" column="24" filename="$USER_HOME$/airlab/repos/treehouse/projects/arborist/data-sources/gradle-enterprise/consumer/src/main/kotlin/com/airbnb/arborist/cli/ArboristGradleEnterpriseConsumerApp.kt" />
      <jump line="2" column="0" filename="$USER_HOME$/airlab/repos/treehouse/projects/arborist/common/src/main/kotlin/com/airbnb/arborist/internal/Constants.kt" />
      <jump line="7" column="12" filename="$USER_HOME$/airlab/repos/treehouse/projects/arborist/common/src/main/kotlin/com/airbnb/arborist/internal/Constants.kt" />
      <jump line="4" column="46" filename="$USER_HOME$/airlab/repos/treehouse/projects/arborist/data-sources/gradle-enterprise/consumer/src/main/kotlin/com/airbnb/arborist/cli/ArboristGradleEnterpriseConsumerApp.kt" />
      <jump line="80" column="72" filename="$USER_HOME$/airlab/repos/treehouse/projects/arborist/data-sources/gradle-enterprise/consumer/src/main/kotlin/com/airbnb/arborist/cli/ArboristGradleEnterpriseConsumerApp.kt" />
      <jump line="0" column="0" filename="$USER_HOME$/airlab/repos/treehouse/projects/arborist/data-sources/gradle-enterprise/consumer/src/main/kotlin/com/airbnb/arborist/datasource/gradle/BuildScanEventStream.kt" />
      <jump line="33" column="27" filename="$USER_HOME$/airlab/repos/treehouse/projects/arborist/data-sources/gradle-enterprise/consumer/src/main/kotlin/com/airbnb/arborist/cli/ArboristGradleEnterpriseConsumerApp.kt" />
      <jump line="89" column="0" filename="$USER_HOME$/airlab/repos/treehouse/projects/arborist/data-sources/gradle-enterprise/consumer/src/main/kotlin/com/airbnb/arborist/cli/ArboristGradleEnterpriseConsumerApp.kt" />
      <jump line="90" column="14" filename="$USER_HOME$/airlab/repos/treehouse/projects/arborist/data-sources/gradle-enterprise/consumer/src/main/kotlin/com/airbnb/arborist/cli/ArboristGradleEnterpriseConsumerApp.kt" />
    </jumps>
    <registers>
      <register name="&quot;" type="2">
        <text encoding="base64">ICAgIHByaW50bG4obWl4KENvbG9yLkJMVUUsIENvbG9yLllFTExPVykpCiAgICBwcmludGxuKGV2YWwoU3VtKE51bSgxKSwgTnVtKDIpKSkpCiAgICBwcmludGxuKGV2YWwyKFN1bShOdW0oMSksIE51bSgyKSkpKQogICAgdGVzdExvb3BzKCkK</text>
      </register>
      <register name="-" type="4">
        <text>info</text>
      </register>
      <register name="/" type="4">
        <text encoding="base64">XDxmZXRjaEJ1aWxkQW5kRXhpdFw+</text>
      </register>
      <register name="0" type="2">
        <text encoding="base64">PHNjcmlwdCB0eXBlPSJ0ZXh0L2phdmFzY3JpcHQiIHNyYz0ianMvaW5kZXguanMiPjwvc2NyaXB0Pgo=</text>
      </register>
      <register name="1" type="2">
        <text encoding="base64">ICAgIHByaW50bG4oImJ1aWxkOiAke2J1aWxkfSIpCg==</text>
      </register>
      <register name="2" type="2">
        <text encoding="base64">aW1wb3J0IGNvbS5hbWF6b25hd3MucmVnaW9ucy5SZWdpb24K</text>
      </register>
      <register name="3" type="2">
        <text encoding="base64">ICAgICAgcHJpbnRsbigiYnVpbGQgaWQ6ICR7YnVpbGQuaWR9LCBzdGFydCB0aW1lOiAke2J1aWxkLnN0YXJ0VGltZX0iKQo=</text>
      </register>
      <register name="4" type="2">
        <text encoding="base64">Cg==</text>
      </register>
      <register name="5" type="2">
        <text encoding="base64">PHVsIGNsYXNzPSJmbGFreV90ZXN0cyI+CiAgPCNsaXN0IGZsYWt5VGVzdHMgYXMgaXRlbT4KICAgIDwjaW5jbHVkZSAiZmxha3lfdGVzdC5mdGwiPgogIDwvI2xpc3Q+CjwvdWw+Cg==</text>
      </register>
      <register name="6" type="2">
        <text encoding="base64">ICAgIDx0ZD5zdGFydCB0aW1lPC90ZD4K</text>
      </register>
      <register name="7" type="2">
        <text encoding="base64">ICAgICAgPHRkPiR7YnVpbGQuc3RhcnRUaW1lLnRvU3RyaW5nKCl9PC90ZD4K</text>
      </register>
      <register name="8" type="2">
        <text encoding="base64">ICBpdC5zdGFydFRpbWUudG9TdHJpbmcoKSwKICBpdC5idWlsZElkLAogIGl0LmZhaWx1cmVSZWFzb24sCiAgaXQuZmFpbGVkVGFza3MsCiAgaXQudGFza1Jvb3RDYXVzZSwKICBpdC5mYWlsZWRUZXN0cywKICBpdC50ZXN0RmFpbHVyZVJvb3RDYXVzZQo=</text>
      </register>
      <register name="9" type="2">
        <text encoding="base64">ICAgICAgJHtpdGVtLnRlc3ROYW1lfQo=</text>
      </register>
      <register name=":" type="4">
        <text>nohlsearch</text>
      </register>
    </registers>
    <search>
      <last-search encoding="base64">XDxmZXRjaEJ1aWxkQW5kRXhpdFw+</last-search>
      <last-offset />
      <last-pattern encoding="base64">XDxmZXRjaEJ1aWxkQW5kRXhpdFw+</last-pattern>
      <last-replace>~</last-replace>
      <last-substitute encoding="base64">XDxmbGFreVRlc3RNYW5hZ2VyXD4=</last-substitute>
      <last-dir>-1</last-dir>
      <show-last>true</show-last>
    </search>
    <history>
      <history-search>
        <entry>sess</entry>
        <entry encoding="base64">XDxzdGFydFw+</entry>
        <entry>buildid</entry>
        <entry>flakyTests</entry>
        <entry encoding="base64">XDxmbGFreVRlc3RzXD4=</entry>
        <entry encoding="base64">XDxicm9rZW5CdWlsZHNcPg==</entry>
        <entry encoding="base64">XDxmbGFreV90ZXN0c1w+</entry>
        <entry>table</entry>
        <entry>flaky_tests</entry>
        <entry encoding="base64">XDx0ZXN0RmFpbHVyZVJvb3RDYXVzZVw+</entry>
        <entry>pre</entry>
        <entry>text</entry>
        <entry encoding="base64">XDxjb250ZW50XD4=</entry>
        <entry>div</entry>
        <entry>println</entry>
        <entry>aws_</entry>
        <entry encoding="base64">XDxBV1NfUkVHSU9OXD4=</entry>
        <entry>withregion</entry>
        <entry>skipping</entry>
        <entry encoding="base64">XDxmZXRjaEJ1aWxkQW5kRXhpdFw+</entry>
      </history-search>
      <history-cmd>
        <entry>nohlsearch</entry>
      </history-cmd>
      <history-expr />
      <history-input />
    </history>
    <shortcut-conflicts>
      <shortcut-conflict owner="vim">
        <text>ctrl pressed B</text>
      </shortcut-conflict>
      <shortcut-conflict owner="vim">
        <text>ctrl pressed A</text>
      </shortcut-conflict>
      <shortcut-conflict owner="vim">
        <text>ctrl pressed F</text>
      </shortcut-conflict>
      <shortcut-conflict owner="vim">
        <text>ctrl pressed R</text>
      </shortcut-conflict>
      <shortcut-conflict owner="ide">
        <text>ctrl pressed E</text>
      </shortcut-conflict>
      <shortcut-conflict owner="vim">
        <text>shift ctrl pressed 6</text>
      </shortcut-conflict>
      <shortcut-conflict owner="vim">
        <text>ctrl pressed H</text>
      </shortcut-conflict>
      <shortcut-conflict owner="vim">
        <text>ctrl pressed V</text>
      </shortcut-conflict>
    </shortcut-conflicts>
    <editor>
      <key-repeat enabled="true" />
    </editor>
  </component>
</application>