<application>
  <component name="PyCodeInsightSettings">
    <option name="RENAME_SEARCH_IN_COMMENTS_FOR_VARIABLE" value="true" />
    <option name="INSERT_TYPE_DOCSTUB" value="true" />
  </component>
  <component name="PyTestFrameworkService">
    <option name="SDK_TO_PYTEST">
      <map>
        <entry key="$USER_HOME$/repos2/data/ENV/bin/python" value="false" />
        <entry key="$USER_HOME$/repos2/refactorator/ENV/bin/python" value="false" />
        <entry key="/usr/local/Cellar/python/2.7.13/Frameworks/Python.framework/Versions/2.7/bin/python2.7" value="true" />
      </map>
    </option>
    <option name="SDK_TO_NOSETEST">
      <map>
        <entry key="$USER_HOME$/repos2/data/ENV/bin/python" value="false" />
        <entry key="$USER_HOME$/repos2/refactorator/ENV/bin/python" value="false" />
      </map>
    </option>
    <option name="SDK_TO_TRIALTEST">
      <map>
        <entry key="$USER_HOME$/repos2/data/ENV/bin/python" value="false" />
        <entry key="$USER_HOME$/repos2/refactorator/ENV/bin/python" value="false" />
      </map>
    </option>
  </component>
</application>